-- MariaDB dump 10.19  Distrib 10.5.21-MariaDB, for debian-linux-gnu (x86_64)
--
-- Host: localhost    Database: demo
-- ------------------------------------------------------
-- Server version	10.5.21-MariaDB-0+deb11u1

/*!40101 SET @OLD_CHARACTER_SET_CLIENT=@@CHARACTER_SET_CLIENT */;
/*!40101 SET @OLD_CHARACTER_SET_RESULTS=@@CHARACTER_SET_RESULTS */;
/*!40101 SET @OLD_COLLATION_CONNECTION=@@COLLATION_CONNECTION */;
/*!40101 SET NAMES utf8mb4 */;
/*!40103 SET @OLD_TIME_ZONE=@@TIME_ZONE */;
/*!40103 SET TIME_ZONE='+00:00' */;
/*!40014 SET @OLD_UNIQUE_CHECKS=@@UNIQUE_CHECKS, UNIQUE_CHECKS=0 */;
/*!40014 SET @OLD_FOREIGN_KEY_CHECKS=@@FOREIGN_KEY_CHECKS, FOREIGN_KEY_CHECKS=0 */;
/*!40101 SET @OLD_SQL_MODE=@@SQL_MODE, SQL_MODE='NO_AUTO_VALUE_ON_ZERO' */;
/*!40111 SET @OLD_SQL_NOTES=@@SQL_NOTES, SQL_NOTES=0 */;

--
-- Table structure for table `albums`
--

DROP TABLE IF EXISTS `albums`;
/*!40101 SET @saved_cs_client     = @@character_set_client */;
/*!40101 SET character_set_client = utf8 */;
CREATE TABLE `albums` (
  `id` bigint(20) unsigned NOT NULL AUTO_INCREMENT,
  `restaurant_id` bigint(20) unsigned DEFAULT NULL,
  `musician_id` bigint(20) unsigned DEFAULT NULL,
  `photographer_id` bigint(20) unsigned DEFAULT NULL,
  `name` varchar(255) NOT NULL,
  `slug` varchar(255) NOT NULL,
  `created_at` timestamp NULL DEFAULT NULL,
  `updated_at` timestamp NULL DEFAULT NULL,
  `coverImg` varchar(255) DEFAULT NULL,
  PRIMARY KEY (`id`),
  KEY `albums_restaurant_id_foreign` (`restaurant_id`),
  KEY `albums_musician_id_foreign` (`musician_id`),
  KEY `albums_photographer_id_foreign` (`photographer_id`),
  CONSTRAINT `albums_musician_id_foreign` FOREIGN KEY (`musician_id`) REFERENCES `musicians` (`id`) ON DELETE CASCADE,
  CONSTRAINT `albums_photographer_id_foreign` FOREIGN KEY (`photographer_id`) REFERENCES `photographers` (`id`) ON DELETE CASCADE,
  CONSTRAINT `albums_restaurant_id_foreign` FOREIGN KEY (`restaurant_id`) REFERENCES `restaurants` (`id`) ON DELETE CASCADE
) ENGINE=InnoDB AUTO_INCREMENT=83 DEFAULT CHARSET=utf8mb4 COLLATE=utf8mb4_unicode_ci;
/*!40101 SET character_set_client = @saved_cs_client */;

--
-- Dumping data for table `albums`
--

LOCK TABLES `albums` WRITE;
/*!40000 ALTER TABLE `albums` DISABLE KEYS */;
INSERT INTO `albums` VALUES (2,3,NULL,NULL,'Главен','glaven','2024-02-03 18:41:15','2024-02-03 18:41:15','17206-zurka 23.jpg'),(8,15,NULL,NULL,'Main','main','2024-02-15 21:32:41','2024-02-15 21:32:41','41720-288926748_1135852070335433_7335513279467796125_n.jpg'),(12,NULL,NULL,6,'Портфолио','portfolio','2024-02-16 08:50:22','2024-02-16 08:50:22','53625-285864363_5231359263618907_8426038804266461482_n.jpg'),(13,NULL,1,NULL,'Makedonski patriotski pesni','makedonski-patriotski-pesni','2024-02-26 22:33:03','2024-02-26 22:33:03','62475-sddefault.jpg'),(14,NULL,1,NULL,'Zabaven splet','zabaven-splet','2024-02-26 22:34:00','2024-02-26 22:34:00','62410-jjj.jpeg'),(15,NULL,1,NULL,'Makedonski splet','makedonski-splet','2024-02-26 22:35:00','2024-02-26 22:35:00','65993-mahaha.jpeg'),(16,NULL,1,NULL,'Kafanski splet','kafanski-splet','2024-02-26 22:41:36','2024-02-26 22:41:36','34576-aaa.jpeg'),(17,NULL,1,NULL,'Makedonski splet','makedonski-splet','2024-02-26 22:43:06','2024-02-26 22:43:06','52381-ab2.jpeg'),(25,16,NULL,NULL,'Main','main','2024-03-11 22:55:59','2024-03-11 22:55:59','99476-240727082_4120022651452352_4626766609752713540_n.jpg'),(27,18,NULL,NULL,'Main Gallery','main-gallery','2024-03-12 10:28:31','2024-03-12 10:28:31','76472-1.webp'),(28,NULL,NULL,7,'Свадби','svadbi','2024-03-13 19:02:40','2024-03-13 19:02:40','99945-1.jpg'),(29,NULL,NULL,9,'Свадби','svadbi','2024-03-14 08:52:27','2024-03-14 08:52:27','77122-21743834_1518205974906929_2624436888976317825_o.jpg'),(30,NULL,3,NULL,'iriedescence vol. 1: reggae in the moonlight','iriedescence-vol-1-reggae-in-the-moonlight','2024-03-20 22:05:40','2024-03-20 22:05:40','75337-DAY 3 - MARKO EDGE 138.jpeg'),(31,NULL,3,NULL,'Irie Scratch feat. Veki L00d - STILL QUARANTINED (B-Day Sesh 2021)','irie-scratch-feat-veki-l00d-still-quarantined-b-day-sesh-2021','2024-03-20 22:09:26','2024-03-20 22:09:26','87234-DAY 3 - MARKO EDGE 138.jpeg'),(32,NULL,3,NULL,'DJ Irie Scratch Coco Club Takeover','dj-irie-scratch-coco-club-takeover','2024-03-20 22:11:06','2024-03-20 22:11:06','28870-DAY 3 - MARKO EDGE 138.jpeg'),(34,NULL,4,NULL,'DJ Nasty','dj-nasty','2024-03-28 20:54:43','2024-03-28 20:54:43','0'),(35,NULL,4,NULL,'DJ Nasty','dj-nasty','2024-03-28 20:54:51','2024-03-28 20:54:51','50207-IMG_4328 (1).jpg'),(36,NULL,5,NULL,'Ogipsilon - A Turn For the Better','ogipsilon-a-turn-for-the-better','2024-03-28 22:00:11','2024-03-28 22:00:11','91099-future na aparatima.jpg'),(39,2,NULL,NULL,'Тест','test','2024-04-02 20:54:53','2024-04-02 20:54:53','43217-image00051.webp'),(40,19,NULL,NULL,'Ритуал','ritual','2024-04-04 19:34:26','2024-04-04 19:34:26','23851-image5.jpeg'),(42,22,NULL,NULL,'Везилка','vezilka','2024-04-04 20:11:03','2024-04-04 20:11:03','50252-04_cam 4.jpg'),(44,23,NULL,NULL,'Летна Градина','letna-gradina','2024-04-04 20:54:30','2024-04-04 20:54:30','99575-image2.webp'),(45,24,NULL,NULL,'Ритуал Ексклузив','ritual-ekskluziv','2024-04-04 21:24:10','2024-04-04 21:24:10','88404-image9.webp'),(56,NULL,8,NULL,'n/a','na','2024-04-18 19:17:41','2024-04-18 19:17:41','79229-Logoto e masovno.webp'),(57,NULL,8,NULL,'n/a','na','2024-04-18 19:20:28','2024-04-18 19:20:28','49475-Logoto e masovno.webp'),(58,NULL,8,NULL,'n/a','na','2024-04-18 19:21:50','2024-04-18 19:21:50','37670-Logoto e masovno.webp'),(59,NULL,8,NULL,'n/a','na','2024-04-18 19:44:36','2024-04-18 19:44:36','78546-Logoto e masovno.webp'),(60,NULL,8,NULL,'n/a','na','2024-04-18 19:46:32','2024-04-18 19:46:32','54932-Logoto e masovno.webp'),(61,NULL,10,NULL,'Repertoar 1','repertoar-1','2024-04-18 21:02:12','2024-04-18 21:02:12','39722-LogotoNaPostuvanjeto.png'),(62,NULL,10,NULL,'Repertoar','repertoar','2024-04-18 21:06:09','2024-04-18 21:06:09','14814-LogotoNaPostuvanjeto.png'),(68,NULL,12,NULL,'а','a','2024-04-22 14:55:17','2024-04-22 14:55:17','38176-85092654_3716089558431826_2674775975476068352_n.jpg'),(69,NULL,12,NULL,'б','b','2024-04-22 14:55:55','2024-04-22 14:55:55','24305-85092654_3716089558431826_2674775975476068352_n.jpg'),(70,NULL,12,NULL,'в','v','2024-04-22 14:56:22','2024-04-22 14:56:22','3695-85092654_3716089558431826_2674775975476068352_n.jpg'),(71,NULL,12,NULL,'г','g','2024-04-22 14:57:21','2024-04-22 14:57:21','30726-85092654_3716089558431826_2674775975476068352_n.jpg'),(75,NULL,2,NULL,'m1','m1','2024-04-24 20:37:20','2024-04-24 20:37:20','16396-SureShotz Ent_logo (1).jpg'),(76,NULL,2,NULL,'m2','m2','2024-04-24 20:39:56','2024-04-24 20:39:56','50408-SureShotz Ent_logo (1).jpg'),(77,NULL,2,NULL,'m3','m3','2024-04-24 20:40:25','2024-04-24 20:40:25','8475-SureShotz Ent_logo (1).jpg'),(78,NULL,2,NULL,'m4','m4','2024-04-24 20:41:41','2024-04-24 20:41:41','67020-SureShotz Ent_logo (1).jpg'),(79,NULL,2,NULL,'m5','m5','2024-04-24 20:42:25','2024-04-24 20:42:25','9067-SureShotz Ent_logo (1).jpg'),(80,NULL,2,NULL,'m6','m6','2024-04-24 20:43:27','2024-04-24 20:43:27','59029-SureShotz Ent_logo (1).jpg'),(81,NULL,2,NULL,'m6','m6','2024-04-24 20:45:07','2024-04-24 20:45:07','0'),(82,NULL,13,NULL,'Свадбарски сплет','svadbarski-splet','2024-05-17 20:21:30','2024-05-17 20:21:30','0');
/*!40000 ALTER TABLE `albums` ENABLE KEYS */;
UNLOCK TABLES;

--
-- Table structure for table `categories`
--

DROP TABLE IF EXISTS `categories`;
/*!40101 SET @saved_cs_client     = @@character_set_client */;
/*!40101 SET character_set_client = utf8 */;
CREATE TABLE `categories` (
  `id` bigint(20) unsigned NOT NULL AUTO_INCREMENT,
  `name` varchar(255) NOT NULL,
  `_lft` int(10) unsigned NOT NULL DEFAULT 0,
  `_rgt` int(10) unsigned NOT NULL DEFAULT 0,
  `parent_id` int(10) unsigned DEFAULT NULL,
  `created_at` timestamp NULL DEFAULT NULL,
  `updated_at` timestamp NULL DEFAULT NULL,
  `slug` varchar(255) DEFAULT NULL,
  PRIMARY KEY (`id`),
  KEY `categories__lft__rgt_parent_id_index` (`_lft`,`_rgt`,`parent_id`)
) ENGINE=InnoDB AUTO_INCREMENT=12 DEFAULT CHARSET=utf8mb4 COLLATE=utf8mb4_unicode_ci;
/*!40101 SET character_set_client = @saved_cs_client */;

--
-- Dumping data for table `categories`
--

LOCK TABLES `categories` WRITE;
/*!40000 ALTER TABLE `categories` DISABLE KEYS */;
INSERT INTO `categories` VALUES (1,'Музичари',1,2,NULL,'2024-03-07 13:43:10','2024-03-12 23:28:14','muzicari-djs'),(2,'Хотели & Ресторани',3,8,NULL,'2024-03-07 13:43:15','2024-03-11 18:19:24','hoteli-restorani'),(3,'Фотографи',9,10,NULL,'2024-03-07 13:43:35','2024-03-13 18:19:33','fotografi'),(4,'Останати  Услуги',11,20,NULL,'2024-03-07 13:43:47','2024-04-09 18:32:18','profile'),(5,'Златарници',12,13,4,'2024-03-07 13:43:56','2024-03-08 19:36:54','zlatarnici'),(6,'Цвеќарници',14,15,4,'2024-03-07 13:44:05','2024-03-08 19:37:21','cvekjarnici'),(8,'Хотели',4,5,2,'2024-03-10 18:53:17','2024-03-11 18:19:43','hoteli'),(9,'Ресторани',6,7,2,'2024-03-10 18:53:51','2024-03-11 18:19:50','restorani'),(10,'Декорации',16,17,4,'2024-04-09 18:27:17','2024-04-09 18:27:23','dekoracii'),(11,'Шминка и  Фризура',18,19,4,'2024-04-09 18:27:57','2024-04-09 18:27:57','shminka-frizura');
/*!40000 ALTER TABLE `categories` ENABLE KEYS */;
UNLOCK TABLES;

--
-- Table structure for table `category_profile`
--

DROP TABLE IF EXISTS `category_profile`;
/*!40101 SET @saved_cs_client     = @@character_set_client */;
/*!40101 SET character_set_client = utf8 */;
CREATE TABLE `category_profile` (
  `id` bigint(20) unsigned NOT NULL AUTO_INCREMENT,
  `category_id` bigint(20) unsigned NOT NULL,
  `profile_id` bigint(20) unsigned NOT NULL,
  `created_at` timestamp NULL DEFAULT NULL,
  `updated_at` timestamp NULL DEFAULT NULL,
  PRIMARY KEY (`id`),
  KEY `category_profile_category_id_foreign` (`category_id`),
  KEY `category_profile_profile_id_foreign` (`profile_id`),
  CONSTRAINT `category_profile_category_id_foreign` FOREIGN KEY (`category_id`) REFERENCES `categories` (`id`) ON DELETE CASCADE,
  CONSTRAINT `category_profile_profile_id_foreign` FOREIGN KEY (`profile_id`) REFERENCES `profile` (`id`) ON DELETE CASCADE
) ENGINE=InnoDB AUTO_INCREMENT=6 DEFAULT CHARSET=utf8mb4 COLLATE=utf8mb4_unicode_ci;
/*!40101 SET character_set_client = @saved_cs_client */;

--
-- Dumping data for table `category_profile`
--

LOCK TABLES `category_profile` WRITE;
/*!40000 ALTER TABLE `category_profile` DISABLE KEYS */;
INSERT INTO `category_profile` VALUES (2,11,2,'2024-04-09 19:10:28','2024-04-09 19:10:28'),(3,11,3,'2024-04-16 18:48:35','2024-04-16 18:48:35'),(4,5,4,'2024-05-13 18:39:02','2024-05-13 18:39:02'),(5,5,5,'2024-05-13 18:53:03','2024-05-13 18:53:03');
/*!40000 ALTER TABLE `category_profile` ENABLE KEYS */;
UNLOCK TABLES;

--
-- Table structure for table `category_restaurant`
--

DROP TABLE IF EXISTS `category_restaurant`;
/*!40101 SET @saved_cs_client     = @@character_set_client */;
/*!40101 SET character_set_client = utf8 */;
CREATE TABLE `category_restaurant` (
  `id` bigint(20) unsigned NOT NULL AUTO_INCREMENT,
  `category_id` bigint(20) unsigned NOT NULL,
  `restaurant_id` bigint(20) unsigned NOT NULL,
  `created_at` timestamp NULL DEFAULT NULL,
  `updated_at` timestamp NULL DEFAULT NULL,
  PRIMARY KEY (`id`),
  KEY `category_restaurant_category_id_foreign` (`category_id`),
  KEY `category_restaurant_restaurant_id_foreign` (`restaurant_id`),
  CONSTRAINT `category_restaurant_category_id_foreign` FOREIGN KEY (`category_id`) REFERENCES `categories` (`id`) ON DELETE CASCADE,
  CONSTRAINT `category_restaurant_restaurant_id_foreign` FOREIGN KEY (`restaurant_id`) REFERENCES `restaurants` (`id`) ON DELETE CASCADE
) ENGINE=InnoDB AUTO_INCREMENT=22 DEFAULT CHARSET=utf8mb4 COLLATE=utf8mb4_unicode_ci;
/*!40101 SET character_set_client = @saved_cs_client */;

--
-- Dumping data for table `category_restaurant`
--

LOCK TABLES `category_restaurant` WRITE;
/*!40000 ALTER TABLE `category_restaurant` DISABLE KEYS */;
INSERT INTO `category_restaurant` VALUES (3,9,2,'2024-03-11 20:43:26','2024-03-11 20:43:26'),(4,9,3,'2024-03-11 20:43:36','2024-03-11 20:43:36'),(5,9,12,'2024-03-11 20:45:29','2024-03-11 20:45:29'),(6,9,13,'2024-03-11 20:45:38','2024-03-11 20:45:38'),(7,9,14,'2024-03-11 20:45:47','2024-03-11 20:45:47'),(8,9,15,'2024-03-11 20:46:19','2024-03-11 20:46:19'),(9,8,16,'2024-03-11 21:22:03','2024-03-11 21:22:03'),(11,9,18,'2024-03-12 10:17:40','2024-03-12 10:17:40'),(12,9,19,'2024-04-04 19:31:21','2024-04-04 19:31:21'),(15,9,22,'2024-04-04 20:08:56','2024-04-04 20:08:56'),(16,9,23,'2024-04-04 20:49:20','2024-04-04 20:49:20'),(17,9,24,'2024-04-04 21:20:14','2024-04-04 21:20:14'),(18,9,25,'2024-04-22 11:35:35','2024-04-22 11:35:35'),(19,9,26,'2024-04-22 15:34:18','2024-04-22 15:34:18'),(20,8,27,'2024-05-23 19:41:52','2024-05-23 19:41:52'),(21,8,28,'2024-05-23 20:42:55','2024-05-23 20:42:55');
/*!40000 ALTER TABLE `category_restaurant` ENABLE KEYS */;
UNLOCK TABLES;

--
-- Table structure for table `cities`
--

DROP TABLE IF EXISTS `cities`;
/*!40101 SET @saved_cs_client     = @@character_set_client */;
/*!40101 SET character_set_client = utf8 */;
CREATE TABLE `cities` (
  `id` bigint(20) unsigned NOT NULL AUTO_INCREMENT,
  `city` varchar(255) NOT NULL,
  `lat` decimal(6,4) NOT NULL,
  `lng` decimal(6,4) NOT NULL,
  `country` varchar(255) NOT NULL,
  `iso2` varchar(255) NOT NULL,
  `admin_name` varchar(255) NOT NULL,
  `capital` varchar(255) NOT NULL,
  `population` int(11) DEFAULT NULL,
  `population_proper` int(11) DEFAULT NULL,
  `created_at` timestamp NULL DEFAULT NULL,
  `updated_at` timestamp NULL DEFAULT NULL,
  PRIMARY KEY (`id`)
) ENGINE=InnoDB AUTO_INCREMENT=38 DEFAULT CHARSET=utf8mb4 COLLATE=utf8mb4_unicode_ci;
/*!40101 SET character_set_client = @saved_cs_client */;

--
-- Dumping data for table `cities`
--

LOCK TABLES `cities` WRITE;
/*!40000 ALTER TABLE `cities` DISABLE KEYS */;
INSERT INTO `cities` VALUES (1,'Скопје',41.9961,21.4317,'Македонија','MK','Скопје','primary',640000,526502,'2023-12-20 14:14:30','2023-12-20 14:14:30'),(2,'Тетово',42.0103,20.9714,'Македонија','MK','Тетово','admin',142030,142030,'2023-12-20 14:14:30','2023-12-20 14:14:30'),(3,'Битола',41.0319,21.3347,'Македонија','MK','Битола','admin',74550,74550,'2023-12-20 14:14:30','2023-12-20 14:14:30'),(4,'Куманово',42.1322,21.7144,'Македонија','MK','Куманово','admin',70842,70842,'2023-12-20 14:14:30','2023-12-20 14:14:30'),(5,'Прилеп',41.3464,21.5542,'Македонија','MK','Прилеп','admin',66246,66246,'2023-12-20 14:14:30','2023-12-20 14:14:30'),(6,'Охрид',41.1169,20.8019,'Македонија','MK','Охрид','admin',55749,55749,'2023-12-20 14:14:30','2023-12-20 14:14:30'),(7,'Велес',41.7153,21.7753,'Македонија','MK','Велес','admin',43716,43716,'2023-12-20 14:14:30','2023-12-20 14:14:30'),(8,'Штип',41.7358,22.1914,'Македонија','MK','Штип','admin',43652,43652,'2023-12-20 14:14:30','2023-12-20 14:14:30'),(9,'Гостивар',41.8000,20.9167,'Македонија','MK','Гостивар','admin',35847,35847,'2023-12-20 14:14:30','2023-12-20 14:14:30'),(10,'Кочани',41.9167,22.4125,'Македонија','MK','Кочани','admin',28330,28330,'2023-12-20 14:14:30','2023-12-20 14:14:30'),(11,'Струга',41.1775,20.6789,'Македонија','MK','Струга','admin',16559,16559,'2023-12-20 14:14:30','2023-12-20 14:14:30'),(12,'Дебар',41.5250,20.5272,'Македонија','MK','Дебар','admin',14561,14561,'2023-12-20 14:14:30','2023-12-20 14:14:30'),(13,'Струмица',41.4375,22.6431,'Македонија','MK','Струмица','admin',10868,10868,'2023-12-20 14:14:30','2023-12-20 14:14:30'),(14,'Виница',41.8828,22.5092,'Македонија','MK','Виница','admin',10863,10863,'2023-12-20 14:14:30','2023-12-20 14:14:30'),(15,'Пробиштип',41.9936,22.1767,'Македонија','MK','Пробиштип','admin',10826,10826,'2023-12-20 14:14:30','2023-12-20 14:14:30'),(16,'Кичево',41.5142,20.9631,'Македонија','MK','Кичево','admin',7280,7280,'2023-12-20 14:14:30','2023-12-20 14:14:30'),(17,'Кавадарци',41.4328,22.0117,'Македонија','MK','Кавадарци','admin',6228,6228,'2023-12-20 14:14:30','2023-12-20 14:14:30'),(18,'Гевгелија',41.1392,22.5025,'Македонија','MK','Гевгелија','admin',4967,4967,'2023-12-20 14:14:30','2023-12-20 14:14:30'),(19,'Радовиш',41.6381,22.4644,'Македонија','MK','Радовиш','admin',4678,4678,'2023-12-20 14:14:30','2023-12-20 14:14:30'),(20,'Берово',41.7078,22.8564,'Македонија','MK','Берово','admin',3619,3619,'2023-12-20 14:14:30','2023-12-20 14:14:30'),(21,'Крушево',41.3700,21.2483,'Македонија','MK','Крушево','admin',3570,3570,'2023-12-20 14:14:30','2023-12-20 14:14:30'),(22,'Свети Николе',41.8650,21.9425,'Македонија','MK','Свети Николе','admin',3468,3468,'2023-12-20 14:14:30','2023-12-20 14:14:30'),(23,'Демир Капија',41.4114,22.2422,'Македонија','MK','Демир Капија','admin',3275,3275,'2023-12-20 14:14:30','2023-12-20 14:14:30'),(24,'Делчево',41.9661,22.7747,'Македонија','MK','Делчево','admin',3033,3033,'2023-12-20 14:14:30','2023-12-20 14:14:30'),(25,'Богданци',41.2031,22.5728,'Македонија','MK','Богданци','admin',2951,2951,'2023-12-20 14:14:30','2023-12-20 14:14:30'),(26,'Неготино',41.4839,22.0892,'Македонија','MK','Неготино','admin',2683,2683,'2023-12-20 14:14:30','2023-12-20 14:14:30'),(27,'Вевчани',41.2403,20.5931,'Македонија','MK','Вевчани','admin',2416,2359,'2023-12-20 14:14:30','2023-12-20 14:14:30'),(28,'Градско',41.5775,21.9428,'Македонија','MK','Градско','admin',2219,2219,'2023-12-20 14:14:30','2023-12-20 14:14:30'),(29,'Валандово',41.3169,22.5611,'Македонија','MK','Валандово','admin',1992,1992,'2023-12-20 14:14:30','2023-12-20 14:14:30'),(30,'Крива Паланка',42.2017,22.3317,'Македонија','MK','Крива Паланка','admin',1967,1967,'2023-12-20 14:14:30','2023-12-20 14:14:30'),(31,'Кратово',42.0783,22.1750,'Македонија','MK','Кратово','admin',1925,1925,'2023-12-20 14:14:30','2023-12-20 14:14:30'),(32,'Пехчево',41.7592,22.8906,'Македонија','MK','Пехчево','admin',1687,1687,'2023-12-20 14:14:30','2023-12-20 14:14:30'),(33,'Македонски Брод',41.5133,21.2153,'Македонија','MK','Македонски Брод','admin',567,567,'2023-12-20 14:14:30','2023-12-20 14:14:30'),(34,'Демир Хисар',41.2208,21.2031,'Македонија','MK','Демир Хисар','admin',543,543,'2023-12-20 14:14:30','2023-12-20 14:14:30'),(35,'Стар Дојран',41.1865,22.7203,'Македонија','MK','Стар Дојран','admin',105,105,'2023-12-20 14:14:30','2023-12-20 14:14:30'),(36,'Македонска Каменица',42.0208,22.5876,'Македонија','MK','Македонска Каменица','admin',1,1,'2023-12-20 14:14:30','2023-12-20 14:14:30'),(37,'Ресен',41.0893,21.0109,'Македонија','MK','Ресен','admin',1,1,'2023-12-20 14:14:30','2023-12-20 14:14:30');
/*!40000 ALTER TABLE `cities` ENABLE KEYS */;
UNLOCK TABLES;

--
-- Table structure for table `contacts`
--

DROP TABLE IF EXISTS `contacts`;
/*!40101 SET @saved_cs_client     = @@character_set_client */;
/*!40101 SET character_set_client = utf8 */;
CREATE TABLE `contacts` (
  `id` bigint(20) unsigned NOT NULL AUTO_INCREMENT,
  `contactName` varchar(255) NOT NULL,
  `contactPosition` varchar(255) NOT NULL,
  `contactEmail` varchar(255) DEFAULT NULL,
  `contactPhone` varchar(255) NOT NULL,
  `desc` longtext NOT NULL,
  `restaurant_id` bigint(20) unsigned DEFAULT NULL,
  `created_at` timestamp NULL DEFAULT NULL,
  `updated_at` timestamp NULL DEFAULT NULL,
  `musician_id` bigint(20) unsigned DEFAULT NULL,
  `photographer_id` bigint(20) unsigned DEFAULT NULL,
  `profile_id` bigint(20) unsigned DEFAULT NULL,
  PRIMARY KEY (`id`),
  KEY `contacts_restaurant_id_foreign` (`restaurant_id`),
  KEY `contacts_musician_id_foreign` (`musician_id`),
  KEY `contacts_photographer_id_foreign` (`photographer_id`),
  KEY `contacts_profile_id_foreign` (`profile_id`),
  CONSTRAINT `contacts_musician_id_foreign` FOREIGN KEY (`musician_id`) REFERENCES `musicians` (`id`) ON DELETE CASCADE,
  CONSTRAINT `contacts_photographer_id_foreign` FOREIGN KEY (`photographer_id`) REFERENCES `photographers` (`id`) ON DELETE CASCADE,
  CONSTRAINT `contacts_profile_id_foreign` FOREIGN KEY (`profile_id`) REFERENCES `profile` (`id`) ON DELETE CASCADE,
  CONSTRAINT `contacts_restaurant_id_foreign` FOREIGN KEY (`restaurant_id`) REFERENCES `restaurants` (`id`) ON DELETE CASCADE
) ENGINE=InnoDB AUTO_INCREMENT=60 DEFAULT CHARSET=utf8mb4 COLLATE=utf8mb4_unicode_ci;
/*!40101 SET character_set_client = @saved_cs_client */;

--
-- Dumping data for table `contacts`
--

LOCK TABLES `contacts` WRITE;
/*!40000 ALTER TABLE `contacts` DISABLE KEYS */;
INSERT INTO `contacts` VALUES (2,'ДЕМИЈЕН ДРОЦА','General manager','demijen@allikas.mk','+389 78 600 444','н/а',2,'2024-01-31 11:40:35','2024-01-31 11:40:35',NULL,NULL,NULL),(3,'АГРИФИНА ПЛУЖНИКОВА-ДРОЦА','Менаџер','Food and baverage manager','+389 75 464698','н/а',2,'2024-01-31 11:40:35','2024-01-31 11:40:35',NULL,NULL,NULL),(4,'АНАСТАСИЈА ПЛУЖНИКОВА','Sales and marketing manager','anastasija@allikas.mk','+389 78 332 433','н/а',2,'2024-01-31 11:40:35','2024-01-31 11:40:35',NULL,NULL,NULL),(5,'АНАСТАСИЈА ПЛУЖНИКОВА','Sales and marketing manager','anastasija@allikas.mk','+389 78 332 433','н/а',3,'2024-02-03 18:39:37','2024-02-03 18:39:37',NULL,NULL,NULL),(6,'Aleksandar','General manager','milovanovskia@gmail.com','+38971268764','n/a',NULL,'2024-02-07 12:32:26','2024-02-07 12:32:26',NULL,1,NULL),(13,'Бојан Тасев','Manager','info@park.mk','+389 75 398 919','n/a',12,'2024-02-08 20:21:22','2024-02-08 20:21:22',NULL,NULL,NULL),(14,'Игор Каменаровски','Manager','info@ragusa360.com','+389 75 398 919','n/a',13,'2024-02-08 20:22:54','2024-02-08 20:22:54',NULL,NULL,NULL),(15,'Зоран Трајковски','Manager','info@ragusa919.com','+389 75 423 456','n/a',14,'2024-02-08 20:29:01','2024-02-08 20:29:01',NULL,NULL,NULL),(17,'Villa Kasijana','General Menager','malamisk@gmail.com','070414474','n/a',15,'2024-02-15 21:19:12','2024-02-15 21:19:12',NULL,NULL,NULL),(18,'Горан','Менаџер','baba3dstudio@hotmail.com','078-245-137','n/a',NULL,'2024-02-15 22:53:52','2024-02-15 22:53:52',NULL,6,NULL),(19,'Стеван','Manager','grupavirtuoz@gmail.com','076 561 006','n/a',NULL,'2024-02-26 22:11:37','2024-02-26 22:11:37',1,NULL,NULL),(20,'Илија Филиповски','Manager','grupamaestromk@gmail.com','078 939 534','n/a',NULL,'2024-02-26 23:53:08','2024-02-26 23:53:08',2,NULL,NULL),(21,'Мартин','Менаџер','info@aleksandarpalace.com.mk','+389 2 3092 392','n/a',16,'2024-03-11 21:22:03','2024-03-11 21:22:03',NULL,NULL,NULL),(23,'Anadrijana','Manager','info@vilaina.mk','+38975314285','N/A',18,'2024-03-12 10:17:40','2024-03-12 10:17:40',NULL,NULL,NULL),(24,'Panajoti','Manager','showtimepanajoti@gmail.com','070 239 568','n/a',NULL,'2024-03-13 18:55:14','2024-03-13 18:55:14',NULL,7,NULL),(25,'Nadica','Менаџер','nadica.maneva@gmail.com','070 944 611','n/a',NULL,'2024-03-14 08:51:42','2024-03-14 08:51:42',NULL,9,NULL),(26,'Irie','DJ','darko.andonov@gmail.com','+38978685834','n/a',NULL,'2024-03-20 22:00:26','2024-03-20 22:00:26',3,NULL,NULL),(27,'Дамјан','Менаџер','djnasty426@gmail.com','+389 75 999 740','n/a',NULL,'2024-03-28 20:31:18','2024-03-28 20:31:18',4,NULL,NULL),(28,'Огнен','Менаџер','nikatronas@gmail.com','+389 72 233924','n/a',NULL,'2024-03-28 21:58:48','2024-03-28 21:58:48',5,NULL,NULL),(29,'DJ Shorty P','Менаџер','djshortymk@gmail.com','070 269 993','n/a',NULL,'2024-04-01 19:05:35','2024-04-01 19:05:35',7,NULL,NULL),(30,'Ѓорѓи','Менаџер','petrovskanatasa96@gmail.com','075 475 705','Елена Костевска - десна рака 075 348274\r\n\r\nНаташа Петровска - маркетинг 077 568 022',19,'2024-04-04 19:31:21','2024-04-16 17:57:28',NULL,NULL,NULL),(33,'Наталија Гоцева','Менаџер','restoranvezilka@gmail.com','078225670','н/а',22,'2024-04-04 20:08:56','2024-04-04 20:08:56',NULL,NULL,NULL),(34,'Александра Трајковска','Генерален директор','info@vezilka.com','075225670','н/а',22,'2024-04-04 20:08:56','2024-04-04 20:08:56',NULL,NULL,NULL),(35,'Ѓорѓи','Менаџер','petrovskanatasa96@gmail.com','075 475 705','Елена 075 348 274 десна рака\r\n\r\nНаташа 077 568 022 маркетинг',23,'2024-04-04 20:49:20','2024-04-16 18:02:23',NULL,NULL,NULL),(36,'Ѓорѓи','Менаџер','petrovskanatasa96@gmail.com','075 475 705','Елена 075 348 274 десна рака\r\n\r\nНаташа 077 568 022 маркетинг',24,'2024-04-04 21:20:14','2024-04-16 18:06:38',NULL,NULL,NULL),(39,'Марија','Менаџер','marijanajdoska93@gmail.com','075 303 011','n/a',NULL,'2024-04-09 19:43:43','2024-04-09 19:43:43',NULL,NULL,2),(40,'Дарко','Менаџер','hair_house_@hotmail.com','071 579 101','n/a',NULL,'2024-04-16 18:48:35','2024-04-16 18:48:35',NULL,NULL,3),(41,'Кристијан','Менаџер','artist.band.2021@gmail.com','078538133','n/a',NULL,'2024-04-18 17:45:38','2024-04-18 17:45:38',8,NULL,NULL),(42,'BokaConga','Manager','bojanbokaconga@gmail.com','077729533','n/a',NULL,'2024-04-18 19:29:46','2024-04-18 19:29:46',9,NULL,NULL),(43,'Владимир','Менаџер','nikolic.dado@gmail.com','076 482 936','n/a',NULL,'2024-04-18 20:58:08','2024-04-18 20:58:08',10,NULL,NULL),(44,'Тони Зен','Менаџер','tonizen@gmail.com','078350702','n/a',NULL,'2024-04-19 10:45:18','2024-04-19 10:45:18',11,NULL,NULL),(45,'Наталија Гоцева','Менаџер','denicija.mk@gmail.com','078225750','н/а',25,'2024-04-22 11:35:35','2024-04-22 11:35:35',NULL,NULL,NULL),(46,'Александра Трајковска','Генерален директор','info@vezilka.com','078225750','н/а',25,'2024-04-22 11:35:35','2024-04-22 11:35:35',NULL,NULL,NULL),(47,'Дарко','Менаџер','darniko@gmail.com','078 450 210','N/a',NULL,'2024-04-22 14:54:24','2024-04-22 14:54:24',12,NULL,NULL),(48,'Александар','Менаџер','ederrarooftop@gmail.com','+389 78 835 636','n/a',26,'2024-04-22 15:34:18','2024-04-22 15:34:18',NULL,NULL,NULL),(50,'Дејан','Видеограф','marrymewedd@gmail.com','070319858','Како дел од тимот на MarryMe Wedd е нашиот професионален видеограф, со повеќе од 10 години работно искуство.',NULL,'2024-05-01 20:17:52','2024-05-01 20:17:52',NULL,11,NULL),(51,'Коки','Фотограф','marrymewedd@gmail.com','078670459','Како дел од тимот на MarryMe Wedd е нашиот професионален фотограф, со повеќе од 10 години работно искуство.',NULL,'2024-05-01 20:17:52','2024-05-01 20:17:52',NULL,11,NULL),(54,'Наташа','Менаџер','contact@bozinovski.com.mk','070363265','n/a',NULL,'2024-05-15 10:15:41','2024-05-15 10:15:41',NULL,NULL,4),(55,'Наташа','Менаџер','contact@bozinovski.com.mk','070363265','n/a',NULL,'2024-05-15 10:15:52','2024-05-15 10:15:52',NULL,NULL,5),(56,'Дамјан','Менаџер','idealband489@gmail.com','075/873-831','n/a',NULL,'2024-05-17 20:19:20','2024-05-17 20:19:20',13,NULL,NULL),(57,'Ивана','Менаџер','sales@hiltonskopje.com','075/333-968,','Рестаронт 300 гости, руфтопот 60',27,'2024-05-23 19:41:53','2024-05-23 19:41:53',NULL,NULL,NULL),(58,'Ивана','Менацер','sales@hiltonskopje.com','075/333-968','Rooftop со 60 гости капацитет',28,'2024-05-23 20:42:55','2024-05-23 20:42:55',NULL,NULL,NULL),(59,'DJ Александар Јорданов','Менаџер','jordanovaleksandar@gmail.com','078 601 879','n/a',NULL,'2024-05-23 21:34:08','2024-05-23 21:34:08',14,NULL,NULL);
/*!40000 ALTER TABLE `contacts` ENABLE KEYS */;
UNLOCK TABLES;

--
-- Table structure for table `failed_jobs`
--

DROP TABLE IF EXISTS `failed_jobs`;
/*!40101 SET @saved_cs_client     = @@character_set_client */;
/*!40101 SET character_set_client = utf8 */;
CREATE TABLE `failed_jobs` (
  `id` bigint(20) unsigned NOT NULL AUTO_INCREMENT,
  `uuid` varchar(255) NOT NULL,
  `connection` text NOT NULL,
  `queue` text NOT NULL,
  `payload` longtext NOT NULL,
  `exception` longtext NOT NULL,
  `failed_at` timestamp NOT NULL DEFAULT current_timestamp(),
  PRIMARY KEY (`id`),
  UNIQUE KEY `failed_jobs_uuid_unique` (`uuid`)
) ENGINE=InnoDB DEFAULT CHARSET=utf8mb4 COLLATE=utf8mb4_unicode_ci;
/*!40101 SET character_set_client = @saved_cs_client */;

--
-- Dumping data for table `failed_jobs`
--

LOCK TABLES `failed_jobs` WRITE;
/*!40000 ALTER TABLE `failed_jobs` DISABLE KEYS */;
/*!40000 ALTER TABLE `failed_jobs` ENABLE KEYS */;
UNLOCK TABLES;

--
-- Table structure for table `gallery`
--

DROP TABLE IF EXISTS `gallery`;
/*!40101 SET @saved_cs_client     = @@character_set_client */;
/*!40101 SET character_set_client = utf8 */;
CREATE TABLE `gallery` (
  `id` bigint(20) unsigned NOT NULL AUTO_INCREMENT,
  `image` varchar(255) NOT NULL,
  `profile_id` bigint(20) unsigned DEFAULT NULL,
  `restaurant_id` bigint(20) unsigned DEFAULT NULL,
  `photographer_id` bigint(20) unsigned DEFAULT NULL,
  `musician_id` bigint(20) unsigned DEFAULT NULL,
  `position` bigint(20) DEFAULT NULL,
  `created_at` timestamp NULL DEFAULT NULL,
  `updated_at` timestamp NULL DEFAULT NULL,
  PRIMARY KEY (`id`),
  KEY `gallery_profile_id_foreign` (`profile_id`),
  KEY `gallery_restaurant_id_foreign` (`restaurant_id`),
  KEY `gallery_photographer_id_foreign` (`photographer_id`),
  KEY `gallery_musician_id_foreign` (`musician_id`),
  CONSTRAINT `gallery_musician_id_foreign` FOREIGN KEY (`musician_id`) REFERENCES `musicians` (`id`),
  CONSTRAINT `gallery_photographer_id_foreign` FOREIGN KEY (`photographer_id`) REFERENCES `photographers` (`id`),
  CONSTRAINT `gallery_profile_id_foreign` FOREIGN KEY (`profile_id`) REFERENCES `profile` (`id`),
  CONSTRAINT `gallery_restaurant_id_foreign` FOREIGN KEY (`restaurant_id`) REFERENCES `restaurants` (`id`)
) ENGINE=InnoDB AUTO_INCREMENT=443 DEFAULT CHARSET=utf8mb4 COLLATE=utf8mb4_unicode_ci;
/*!40101 SET character_set_client = @saved_cs_client */;

--
-- Dumping data for table `gallery`
--

LOCK TABLES `gallery` WRITE;
/*!40000 ALTER TABLE `gallery` DISABLE KEYS */;
INSERT INTO `gallery` VALUES (18,'s6wvlNoD5F.jpg',2,NULL,NULL,NULL,3,'2024-04-09 19:18:20','2024-04-09 19:29:14'),(19,'9kifh7UgMA.jpg',2,NULL,NULL,NULL,1,'2024-04-09 19:18:21','2024-04-09 19:29:14'),(20,'4dD40pmM0P.jpg',2,NULL,NULL,NULL,2,'2024-04-09 19:18:22','2024-04-09 19:29:11'),(21,'cATdSHIStE.jpg',2,NULL,NULL,NULL,4,'2024-04-09 19:18:23','2024-04-09 19:18:23'),(22,'y44M3EAEUD.jpg',2,NULL,NULL,NULL,5,'2024-04-09 19:18:25','2024-04-09 19:18:25'),(28,'P4kidbX5fk.jpg',2,NULL,NULL,NULL,11,'2024-04-09 19:21:29','2024-04-09 19:21:29'),(29,'4saHpwPonC.jpg',2,NULL,NULL,NULL,12,'2024-04-09 19:21:30','2024-04-09 19:21:30'),(31,'fpPYDSXGYH.jpg',2,NULL,NULL,NULL,10,'2024-04-09 19:21:32','2024-04-09 19:29:03'),(33,'bdeS2LoQLJ.jpg',2,NULL,NULL,NULL,16,'2024-04-09 19:27:29','2024-04-09 19:27:29'),(40,'QrmrLUMdHU.jpg',2,NULL,NULL,NULL,23,'2024-04-09 19:27:38','2024-04-09 19:27:38'),(42,'edjQAhI0tt.jpg',2,NULL,NULL,NULL,25,'2024-04-09 19:27:40','2024-04-09 19:27:40'),(48,'bRCvxdJYHI.jpg',2,NULL,NULL,NULL,31,'2024-04-09 19:30:44','2024-04-09 19:30:44'),(49,'dUldsW1UsB.jpg',2,NULL,NULL,NULL,32,'2024-04-09 19:30:45','2024-04-09 19:30:45'),(51,'ILLvu0xBvL.jpg',2,NULL,NULL,NULL,34,'2024-04-09 19:30:48','2024-04-09 19:30:48'),(71,'EPF82rYxrS.jpg',NULL,NULL,9,NULL,4,'2024-04-12 07:49:20','2024-04-12 07:50:04'),(72,'MO5NT3lx72.jpg',NULL,NULL,9,NULL,2,'2024-04-12 07:49:21','2024-04-12 07:49:21'),(73,'3CRE5vlOaa.jpg',NULL,NULL,9,NULL,3,'2024-04-12 07:49:21','2024-04-12 07:49:21'),(74,'5HSIiyj6nf.jpg',NULL,NULL,9,NULL,10,'2024-04-12 07:49:22','2024-04-12 07:50:01'),(75,'A4pUrDWSZs.jpg',NULL,NULL,9,NULL,5,'2024-04-12 07:49:22','2024-04-12 07:49:22'),(76,'RkTV64FdQu.jpg',NULL,NULL,9,NULL,6,'2024-04-12 07:49:23','2024-04-12 07:49:23'),(77,'fGptxXSLd7.jpg',NULL,NULL,9,NULL,7,'2024-04-12 07:49:23','2024-04-12 07:49:23'),(78,'c9hLZgbCNe.jpg',NULL,NULL,9,NULL,8,'2024-04-12 07:49:23','2024-04-12 07:49:23'),(79,'pEbEqOzi8q.jpg',NULL,NULL,9,NULL,9,'2024-04-12 07:49:24','2024-04-12 07:49:24'),(81,'8Bd7gLFfEk.jpg',NULL,NULL,9,NULL,11,'2024-04-12 07:49:25','2024-04-12 07:49:25'),(82,'VxBy8E2KBG.jpg',NULL,NULL,9,NULL,12,'2024-04-12 07:49:25','2024-04-12 07:49:25'),(83,'gcFBcvkGCC.jpg',NULL,NULL,9,NULL,13,'2024-04-12 07:49:25','2024-04-12 07:49:25'),(84,'YjkT0NqilW.jpg',NULL,NULL,6,NULL,1,'2024-04-12 07:56:40','2024-04-12 07:56:40'),(85,'GRcL1n8sau.jpg',NULL,NULL,6,NULL,2,'2024-04-12 07:56:40','2024-04-12 07:56:40'),(86,'myqcLry6sE.jpg',NULL,NULL,6,NULL,3,'2024-04-12 07:56:41','2024-04-12 07:56:41'),(87,'C0iuMj8HOb.jpg',NULL,NULL,6,NULL,4,'2024-04-12 07:56:41','2024-04-12 07:56:41'),(88,'PoKrAu9SXx.jpg',NULL,NULL,6,NULL,5,'2024-04-12 07:56:42','2024-04-12 07:56:42'),(89,'WJefLbzgLo.jpg',NULL,NULL,6,NULL,6,'2024-04-12 07:56:42','2024-04-12 07:56:42'),(90,'LBRMksSDyw.jpg',NULL,NULL,6,NULL,7,'2024-04-12 07:56:42','2024-04-12 07:56:42'),(91,'DEVYKuxtaf.jpg',NULL,NULL,6,NULL,8,'2024-04-12 07:56:43','2024-04-12 07:56:43'),(92,'iWgTyeckg8.jpeg',3,NULL,NULL,NULL,1,'2024-04-16 18:50:09','2024-04-16 18:50:09'),(93,'MRTtuLdbny.jpeg',3,NULL,NULL,NULL,2,'2024-04-16 18:50:10','2024-04-16 18:50:10'),(94,'OZVs3fCjis.jpeg',3,NULL,NULL,NULL,3,'2024-04-16 18:50:10','2024-04-16 18:50:10'),(95,'vP2XRrAuzh.jpeg',3,NULL,NULL,NULL,4,'2024-04-16 18:50:10','2024-04-16 18:50:10'),(96,'XOH4gnsxeG.jpeg',3,NULL,NULL,NULL,5,'2024-04-16 18:50:11','2024-04-16 18:50:11'),(97,'cDBSYkguWF.jpeg',3,NULL,NULL,NULL,6,'2024-04-16 18:50:11','2024-04-16 18:50:11'),(98,'ggCdBUqeEO.jpeg',3,NULL,NULL,NULL,7,'2024-04-16 18:50:12','2024-04-16 18:50:12'),(99,'PSJZEnEvCJ.jpeg',3,NULL,NULL,NULL,8,'2024-04-16 18:50:12','2024-04-16 18:50:12'),(100,'aMScULL9CA.webp',NULL,18,NULL,NULL,1,'2024-04-16 19:13:48','2024-04-16 19:13:48'),(101,'eE2bGndxKL.webp',NULL,18,NULL,NULL,2,'2024-04-16 19:13:49','2024-04-16 19:13:49'),(102,'txE5ojuAL8.webp',NULL,18,NULL,NULL,3,'2024-04-16 19:13:49','2024-04-16 19:13:49'),(103,'JojjJzqn5Z.webp',NULL,18,NULL,NULL,4,'2024-04-16 19:13:50','2024-04-16 19:13:50'),(104,'dUNkRRYeT4.webp',NULL,18,NULL,NULL,5,'2024-04-16 19:13:50','2024-04-16 19:13:50'),(105,'HLXxHeV9Nu.webp',NULL,18,NULL,NULL,6,'2024-04-16 19:13:51','2024-04-16 19:13:51'),(106,'b08sbVbYbE.webp',NULL,18,NULL,NULL,7,'2024-04-16 19:13:51','2024-04-16 19:13:51'),(107,'EACQshzghV.webp',NULL,18,NULL,NULL,8,'2024-04-16 19:13:52','2024-04-16 19:13:52'),(108,'eUX9KEptNI.webp',NULL,18,NULL,NULL,9,'2024-04-16 19:13:52','2024-04-16 19:13:52'),(110,'PmcEDkY0hY.jpeg',NULL,19,NULL,NULL,2,'2024-04-16 19:20:19','2024-04-16 19:20:19'),(111,'aNXSTJhtqM.jpeg',NULL,19,NULL,NULL,3,'2024-04-16 19:20:19','2024-04-16 19:20:19'),(118,'a9ltUQdG0D.jpeg',NULL,19,NULL,NULL,10,'2024-04-16 19:21:24','2024-04-16 19:21:24'),(119,'9Y90ksbQBh.png',NULL,19,NULL,NULL,11,'2024-04-16 19:21:26','2024-04-16 19:21:26'),(120,'5RmlEeZgbW.jpeg',NULL,19,NULL,NULL,12,'2024-04-16 19:21:26','2024-04-16 19:21:26'),(121,'rFWcEtnsNE.jpeg',NULL,19,NULL,NULL,13,'2024-04-16 19:21:27','2024-04-16 19:21:27'),(122,'rCo4tCmBaS.jpeg',NULL,23,NULL,NULL,1,'2024-04-16 19:26:31','2024-04-16 19:26:31'),(123,'B0CKb55JFR.webp',NULL,23,NULL,NULL,2,'2024-04-16 19:26:32','2024-04-16 19:26:32'),(124,'iGXmXSyITz.jpeg',NULL,23,NULL,NULL,3,'2024-04-16 19:26:33','2024-04-16 19:26:33'),(125,'g1aVZfrQrP.webp',NULL,23,NULL,NULL,4,'2024-04-16 19:26:33','2024-04-16 19:26:33'),(126,'4qfgn18lmh.jpeg',NULL,23,NULL,NULL,5,'2024-04-16 19:26:34','2024-04-16 19:26:34'),(127,'wRxnlPO3aP.webp',NULL,23,NULL,NULL,6,'2024-04-16 19:26:35','2024-04-16 19:26:35'),(128,'2wBOoCJhbf.jpeg',NULL,23,NULL,NULL,7,'2024-04-16 19:26:35','2024-04-16 19:26:35'),(129,'tZZ3kYOAHg.jpeg',NULL,23,NULL,NULL,8,'2024-04-16 19:26:35','2024-04-16 19:26:35'),(130,'kY6Alegjkq.webp',NULL,23,NULL,NULL,9,'2024-04-16 19:26:36','2024-04-16 19:26:36'),(131,'a5Tb5rZzTu.webp',NULL,23,NULL,NULL,10,'2024-04-16 19:26:37','2024-04-16 19:26:37'),(132,'JeStJbe5qg.jpeg',NULL,23,NULL,NULL,11,'2024-04-16 19:26:37','2024-04-16 19:26:37'),(133,'bPc59H0OyW.jpeg',NULL,23,NULL,NULL,12,'2024-04-16 19:26:37','2024-04-16 19:26:37'),(134,'zIjEaWFCTj.jpeg',NULL,23,NULL,NULL,13,'2024-04-16 19:26:38','2024-04-16 19:26:38'),(135,'ZfaBAIiUMy.png',NULL,23,NULL,NULL,14,'2024-04-16 19:26:38','2024-04-16 19:26:38'),(136,'O5kpkpROdo.webp',NULL,24,NULL,NULL,1,'2024-04-16 19:32:39','2024-04-16 19:32:39'),(137,'3hlBeNHl1r.webp',NULL,24,NULL,NULL,2,'2024-04-16 19:32:39','2024-04-16 19:32:39'),(138,'YLosh4qvKZ.webp',NULL,24,NULL,NULL,3,'2024-04-16 19:32:40','2024-04-16 19:32:40'),(139,'IxkcIEq8AF.webp',NULL,24,NULL,NULL,4,'2024-04-16 19:32:41','2024-04-16 19:32:41'),(140,'IHfA5aINbg.webp',NULL,24,NULL,NULL,5,'2024-04-16 19:32:41','2024-04-16 19:32:41'),(141,'v1XlOAR6xc.webp',NULL,24,NULL,NULL,6,'2024-04-16 19:32:42','2024-04-16 19:32:42'),(142,'NxMUlEdiYG.webp',NULL,24,NULL,NULL,7,'2024-04-16 19:32:42','2024-04-16 19:32:42'),(143,'x5iK0TdtIV.webp',NULL,24,NULL,NULL,8,'2024-04-16 19:32:43','2024-04-16 19:32:43'),(190,'M8WwbLZpZP.webp',NULL,2,NULL,NULL,1,'2024-04-16 19:55:26','2024-04-16 19:55:26'),(191,'7ddin59XDP.webp',NULL,2,NULL,NULL,2,'2024-04-16 19:55:28','2024-04-16 19:56:52'),(192,'JyR5BE3MoM.webp',NULL,2,NULL,NULL,3,'2024-04-16 19:55:29','2024-04-16 19:55:29'),(193,'jkyQ91iIKq.webp',NULL,2,NULL,NULL,4,'2024-04-16 19:55:31','2024-04-16 19:55:31'),(194,'Qi0zPTAuMF.webp',NULL,2,NULL,NULL,5,'2024-04-16 19:55:33','2024-04-16 19:55:33'),(196,'uKqXlQI1c3.webp',NULL,2,NULL,NULL,7,'2024-04-16 19:55:36','2024-04-16 19:55:36'),(197,'MSDk2eYb9e.webp',NULL,2,NULL,NULL,8,'2024-04-16 19:55:38','2024-04-16 19:55:38'),(198,'2l3UqhgK94.webp',NULL,2,NULL,NULL,9,'2024-04-16 19:55:40','2024-04-16 19:55:40'),(199,'FB5tIhosio.webp',NULL,2,NULL,NULL,10,'2024-04-16 19:55:42','2024-04-16 19:55:42'),(200,'PW3ikjT0oj.webp',NULL,2,NULL,NULL,11,'2024-04-16 19:58:12','2024-04-16 19:58:12'),(201,'AgwCAXx3Ti.webp',NULL,2,NULL,NULL,12,'2024-04-16 19:58:14','2024-04-16 19:58:14'),(202,'Qt9eqnWOkL.webp',NULL,2,NULL,NULL,13,'2024-04-16 19:58:16','2024-04-16 19:58:16'),(203,'SqTnkuChxD.webp',NULL,2,NULL,NULL,14,'2024-04-16 19:58:17','2024-04-16 19:58:17'),(204,'I7zBsaEvzf.webp',NULL,2,NULL,NULL,15,'2024-04-16 19:58:19','2024-04-16 19:58:19'),(205,'4sZIuqBKKW.JPG',NULL,15,NULL,NULL,1,'2024-04-16 20:09:24','2024-04-16 20:09:24'),(206,'0a5t5Xgmiq.JPG',NULL,15,NULL,NULL,2,'2024-04-16 20:09:24','2024-04-16 20:09:24'),(207,'URRuKB18Qs.JPG',NULL,15,NULL,NULL,3,'2024-04-16 20:09:24','2024-04-16 20:09:24'),(208,'ohc3SnNjr0.JPG',NULL,15,NULL,NULL,4,'2024-04-16 20:09:24','2024-04-16 20:09:24'),(209,'AOvKyLRXty.JPG',NULL,15,NULL,NULL,5,'2024-04-16 20:09:25','2024-04-16 20:09:25'),(210,'eXfBQiLveR.JPG',NULL,15,NULL,NULL,6,'2024-04-16 20:09:25','2024-04-16 20:09:25'),(211,'dT0AgMEqEh.JPG',NULL,15,NULL,NULL,7,'2024-04-16 20:09:25','2024-04-16 20:09:25'),(212,'vXB32diNr7.JPG',NULL,15,NULL,NULL,8,'2024-04-16 20:09:25','2024-04-16 20:09:25'),(213,'Xsn6HGs2dY.JPG',NULL,15,NULL,NULL,9,'2024-04-16 20:09:26','2024-04-16 20:09:26'),(214,'iHDL0hLSOU.jpg',NULL,15,NULL,NULL,10,'2024-04-16 20:09:26','2024-04-16 20:09:26'),(215,'1RCTmqE3q4.JPG',NULL,15,NULL,NULL,11,'2024-04-16 20:09:26','2024-04-16 20:09:26'),(216,'CLlNSk34mX.JPG',NULL,15,NULL,NULL,12,'2024-04-16 20:09:27','2024-04-16 20:09:27'),(218,'F4SBXzoECd.jpg',NULL,25,NULL,NULL,1,'2024-04-22 11:43:29','2024-04-22 11:43:29'),(219,'yreAQyhzb1.jpg',NULL,25,NULL,NULL,2,'2024-04-22 11:43:29','2024-04-22 11:43:29'),(220,'lqDIUqycBK.jpg',NULL,25,NULL,NULL,3,'2024-04-22 11:43:29','2024-04-22 11:43:29'),(221,'8gjfykWxUV.jpg',NULL,25,NULL,NULL,4,'2024-04-22 11:43:29','2024-04-22 11:43:29'),(222,'zsrdOgg4cb.jpg',NULL,25,NULL,NULL,5,'2024-04-22 11:43:30','2024-04-22 11:43:30'),(223,'K6BMgdqqLT.JPG',NULL,25,NULL,NULL,6,'2024-04-22 11:43:31','2024-04-22 11:43:31'),(224,'A0o87XW9wM.jpg',NULL,25,NULL,NULL,7,'2024-04-22 11:43:34','2024-04-22 11:43:34'),(225,'UmPIzAPDAK.jpg',NULL,25,NULL,NULL,8,'2024-04-22 12:07:56','2024-04-22 12:07:56'),(226,'uyEWWpKmhQ.jpg',NULL,25,NULL,NULL,9,'2024-04-22 12:07:56','2024-04-22 12:07:56'),(240,'KwjVyeyp6J.jpg',NULL,26,NULL,NULL,1,'2024-04-24 19:27:52','2024-04-24 19:27:52'),(241,'fCHpNvqHwW.jpg',NULL,26,NULL,NULL,2,'2024-04-24 19:27:53','2024-04-24 19:27:53'),(242,'NEeUTmr6r8.jpg',NULL,26,NULL,NULL,3,'2024-04-24 19:27:53','2024-04-24 19:27:53'),(243,'SbuZFfRsk5.jpg',NULL,26,NULL,NULL,4,'2024-04-24 19:27:54','2024-04-24 19:27:54'),(244,'oR4uI9ZqqG.jpg',NULL,26,NULL,NULL,5,'2024-04-24 19:27:54','2024-04-24 19:27:54'),(245,'siaR0FfWfc.jpg',NULL,26,NULL,NULL,6,'2024-04-24 19:27:55','2024-04-24 19:27:55'),(246,'0aCL0G4bOk.jpg',NULL,26,NULL,NULL,7,'2024-04-24 19:27:55','2024-04-24 19:27:55'),(247,'4M6tCbO38G.jpg',NULL,26,NULL,NULL,8,'2024-04-24 19:27:56','2024-04-24 19:27:56'),(248,'mowT1UNuXb.jpg',NULL,26,NULL,NULL,9,'2024-04-24 19:27:56','2024-04-24 19:27:56'),(249,'1Qb5NZKUBc.jpg',NULL,26,NULL,NULL,10,'2024-04-24 19:27:57','2024-04-24 19:27:57'),(250,'MLBCo1gHAF.jpg',NULL,26,NULL,NULL,11,'2024-04-24 19:27:57','2024-04-24 19:27:57'),(251,'HQyoccKKS4.jpg',NULL,26,NULL,NULL,12,'2024-04-24 19:27:58','2024-04-24 19:27:58'),(252,'6XpqHjFCmG.jpg',NULL,26,NULL,NULL,13,'2024-04-24 19:27:58','2024-04-24 19:27:58'),(253,'dxWr7sDiRP.jpg',NULL,26,NULL,NULL,14,'2024-04-24 19:27:58','2024-04-24 19:27:58'),(254,'QqG3FUuGJg.jpg',NULL,26,NULL,NULL,15,'2024-04-24 19:27:59','2024-04-24 19:27:59'),(255,'EtM006bD29.jpg',NULL,26,NULL,NULL,16,'2024-04-24 19:27:59','2024-04-24 19:27:59'),(256,'keaoTF92ts.jpg',NULL,26,NULL,NULL,17,'2024-04-24 19:28:01','2024-04-24 19:28:01'),(258,'EEQ8N9E1aU.JPG',NULL,NULL,11,NULL,4,'2024-05-01 20:24:21','2024-05-01 20:27:13'),(259,'89RULWuHRv.JPG',NULL,NULL,11,NULL,5,'2024-05-01 20:24:21','2024-05-01 20:27:14'),(260,'uzlly1PVvP.JPG',NULL,NULL,11,NULL,3,'2024-05-01 20:24:22','2024-05-01 20:27:17'),(262,'dpdQdOHOgG.JPG',NULL,NULL,11,NULL,14,'2024-05-01 20:24:22','2024-05-01 20:27:25'),(263,'yGCVKTW4wY.JPG',NULL,NULL,11,NULL,2,'2024-05-01 20:24:23','2024-05-01 20:26:04'),(264,'LzHMrpgbAP.JPG',NULL,NULL,11,NULL,12,'2024-05-01 20:24:23','2024-05-01 20:26:27'),(265,'n6L6yd61Yv.JPG',NULL,NULL,11,NULL,6,'2024-05-01 20:24:24','2024-05-01 20:27:17'),(266,'hOHTfrUtao.JPG',NULL,NULL,11,NULL,20,'2024-05-01 20:24:24','2024-05-01 20:27:58'),(267,'71LenA2PF2.JPG',NULL,NULL,11,NULL,1,'2024-05-01 20:24:24','2024-05-01 20:24:57'),(268,'lBcDl3IFNU.JPG',NULL,NULL,11,NULL,18,'2024-05-01 20:24:25','2024-05-01 20:26:49'),(269,'YZKjlnbaKt.JPG',NULL,NULL,11,NULL,8,'2024-05-01 20:24:25','2024-05-01 20:26:19'),(270,'eBpnDivM9J.JPG',NULL,NULL,11,NULL,16,'2024-05-01 20:24:25','2024-05-01 20:27:35'),(271,'I2np9tlU9v.JPG',NULL,NULL,11,NULL,15,'2024-05-01 20:24:25','2024-05-01 20:26:49'),(272,'CdtMFyz60D.JPG',NULL,NULL,11,NULL,11,'2024-05-01 20:24:26','2024-05-01 20:27:25'),(273,'9VbsPFSWKC.JPG',NULL,NULL,11,NULL,17,'2024-05-01 20:24:26','2024-05-01 20:27:48'),(274,'iQs8R1VF4w.JPG',NULL,NULL,11,NULL,9,'2024-05-01 20:24:26','2024-05-01 20:26:27'),(275,'Ct8T2ySi7R.JPG',NULL,NULL,11,NULL,13,'2024-05-01 20:24:27','2024-05-01 20:27:01'),(276,'90RwYZSPE1.JPG',NULL,NULL,11,NULL,10,'2024-05-01 20:24:27','2024-05-01 20:26:37'),(287,'cDONH6wD77.JPG',NULL,NULL,11,NULL,31,'2024-05-01 20:27:58','2024-05-01 20:27:58'),(290,'C17XQK2hmH.JPG',NULL,NULL,11,NULL,34,'2024-05-01 20:28:20','2024-05-01 20:28:20'),(293,'unjhtaw3PM.jpg',5,NULL,NULL,NULL,1,'2024-05-13 19:17:04','2024-05-13 19:17:04'),(294,'K46TmP4SlC.jpg',5,NULL,NULL,NULL,2,'2024-05-13 19:17:04','2024-05-13 19:17:04'),(295,'I7LBv9b6YY.jpg',5,NULL,NULL,NULL,3,'2024-05-13 19:17:05','2024-05-13 19:17:05'),(296,'55E51w8Kly.jpg',5,NULL,NULL,NULL,4,'2024-05-13 19:17:05','2024-05-13 19:17:05'),(297,'5ePn1cEd6b.jpg',5,NULL,NULL,NULL,5,'2024-05-13 19:17:05','2024-05-13 19:17:05'),(298,'ouioo0Egj8.jpg',5,NULL,NULL,NULL,6,'2024-05-13 19:17:05','2024-05-13 19:17:05'),(299,'jF815akzsR.jpg',5,NULL,NULL,NULL,7,'2024-05-13 19:17:05','2024-05-13 19:17:05'),(300,'CFEL1GGfY0.jpg',5,NULL,NULL,NULL,8,'2024-05-13 19:17:06','2024-05-13 19:17:06'),(301,'kJuIs8WrCI.jpg',4,NULL,NULL,NULL,1,'2024-05-13 19:34:48','2024-05-13 19:34:48'),(302,'YgFzoXedgZ.jpg',4,NULL,NULL,NULL,2,'2024-05-13 19:34:49','2024-05-13 19:34:49'),(303,'I0XAbci37L.jpg',4,NULL,NULL,NULL,3,'2024-05-13 19:34:49','2024-05-13 19:34:49'),(304,'hHvGBMUWfW.jpg',4,NULL,NULL,NULL,4,'2024-05-13 19:34:49','2024-05-13 19:34:49'),(305,'6P5T0welaI.jpg',4,NULL,NULL,NULL,5,'2024-05-13 19:34:49','2024-05-13 19:34:49'),(306,'aNtu54HviX.jpg',4,NULL,NULL,NULL,6,'2024-05-13 19:34:50','2024-05-13 19:34:50'),(307,'hUbOLNhQz6.jpg',4,NULL,NULL,NULL,7,'2024-05-13 19:34:50','2024-05-13 19:34:50'),(308,'F027dkLDAb.jpg',4,NULL,NULL,NULL,8,'2024-05-13 19:34:50','2024-05-13 19:34:50'),(309,'RkWRsKmhDM.jpg',4,NULL,NULL,NULL,9,'2024-05-13 19:34:50','2024-05-13 19:34:50'),(310,'71hKnqo3G4.jpg',4,NULL,NULL,NULL,10,'2024-05-13 19:34:51','2024-05-13 19:34:51'),(311,'Mx3F9y8iIF.jpg',4,NULL,NULL,NULL,11,'2024-05-13 19:34:51','2024-05-13 19:34:51'),(312,'XKhk5GCu3b.jpg',4,NULL,NULL,NULL,12,'2024-05-13 19:34:51','2024-05-13 19:34:51'),(313,'2EkM9ZW0CC.jpg',4,NULL,NULL,NULL,13,'2024-05-13 19:34:51','2024-05-13 19:34:51'),(314,'5Uj63Pdc61.jpg',4,NULL,NULL,NULL,14,'2024-05-13 19:34:52','2024-05-13 19:34:52'),(315,'hkppX990Tu.jpg',4,NULL,NULL,NULL,15,'2024-05-13 19:34:52','2024-05-13 19:34:52'),(316,'mUu6sLt3x4.jpg',4,NULL,NULL,NULL,16,'2024-05-13 19:34:52','2024-05-13 19:34:52'),(317,'VCHy8WWjHC.jpg',4,NULL,NULL,NULL,17,'2024-05-13 19:34:52','2024-05-13 19:34:52'),(318,'yGRBPuz7fU.jpg',4,NULL,NULL,NULL,18,'2024-05-13 19:34:53','2024-05-13 19:34:53'),(319,'6P0LRqvujI.jpg',4,NULL,NULL,NULL,19,'2024-05-13 19:34:53','2024-05-13 19:34:53'),(320,'TzJv1Lezfn.jpg',4,NULL,NULL,NULL,20,'2024-05-13 19:34:53','2024-05-13 19:34:53'),(321,'wmYbqfQNAM.jpeg',NULL,26,NULL,NULL,18,'2024-05-14 18:38:01','2024-05-14 18:38:01'),(322,'JXjKN2F8dl.jpg',NULL,13,NULL,NULL,1,'2024-05-15 09:07:11','2024-05-15 09:07:11'),(323,'UFpj073jG6.jpg',NULL,13,NULL,NULL,2,'2024-05-15 09:07:11','2024-05-15 09:07:11'),(324,'x47AeOGcmq.jpg',NULL,13,NULL,NULL,3,'2024-05-15 09:07:12','2024-05-15 09:07:12'),(325,'nsJaIInqst.jpg',NULL,13,NULL,NULL,4,'2024-05-15 09:07:12','2024-05-15 09:07:12'),(326,'oMQQdceiSI.jpg',NULL,13,NULL,NULL,5,'2024-05-15 09:07:13','2024-05-15 09:07:13'),(327,'wom6eS8Ufj.jpg',NULL,13,NULL,NULL,6,'2024-05-15 09:07:13','2024-05-15 09:07:13'),(328,'cUN3glFQfc.jpg',NULL,13,NULL,NULL,7,'2024-05-15 09:07:14','2024-05-15 09:07:14'),(329,'QevIrajYQd.jpg',NULL,13,NULL,NULL,8,'2024-05-15 09:07:14','2024-05-15 09:07:14'),(330,'dCwrCWJKhm.jpg',NULL,13,NULL,NULL,9,'2024-05-15 09:07:15','2024-05-15 09:07:15'),(331,'qVda2Px1XC.jpg',NULL,13,NULL,NULL,10,'2024-05-15 09:07:15','2024-05-15 09:07:15'),(332,'venqEQRpjf.jpg',NULL,13,NULL,NULL,11,'2024-05-15 09:07:16','2024-05-15 09:07:16'),(333,'BWVp6cet2z.jpg',NULL,13,NULL,NULL,12,'2024-05-15 09:07:16','2024-05-15 09:07:16'),(334,'i9wahqd3nA.jpeg',NULL,13,NULL,NULL,13,'2024-05-15 09:07:16','2024-05-15 09:07:16'),(335,'jrsawrOPu8.jpeg',NULL,13,NULL,NULL,14,'2024-05-15 09:07:18','2024-05-15 09:07:18'),(336,'2CbiFJKEFE.jpeg',NULL,13,NULL,NULL,15,'2024-05-15 09:07:20','2024-05-15 09:07:20'),(337,'44CTBr6ikt.jpeg',NULL,13,NULL,NULL,16,'2024-05-15 09:07:20','2024-05-15 09:07:20'),(338,'LmQkuULkyN.jpeg',NULL,13,NULL,NULL,17,'2024-05-15 09:07:22','2024-05-15 09:07:22'),(339,'7YPiudtWCR.jpeg',NULL,13,NULL,NULL,18,'2024-05-15 09:07:24','2024-05-15 09:07:24'),(340,'NpY8fxODQ4.jpg',NULL,13,NULL,NULL,19,'2024-05-15 09:07:24','2024-05-15 09:07:24'),(341,'rMj3Z21NNi.jpg',NULL,13,NULL,NULL,20,'2024-05-15 09:07:24','2024-05-15 09:07:24'),(342,'x2zzlPjzDF.jpg',NULL,12,NULL,NULL,1,'2024-05-15 09:13:07','2024-05-15 09:13:07'),(343,'6elOYf9BGc.webp',NULL,12,NULL,NULL,2,'2024-05-15 09:13:08','2024-05-15 09:13:08'),(344,'t4DewgEJlG.jpg',NULL,12,NULL,NULL,3,'2024-05-15 09:13:08','2024-05-15 09:13:08'),(345,'p5zFDBSYdw.webp',NULL,12,NULL,NULL,4,'2024-05-15 09:13:09','2024-05-15 09:13:09'),(346,'lobvXqhGOP.jpg',NULL,12,NULL,NULL,5,'2024-05-15 09:13:09','2024-05-15 09:13:09'),(347,'hwe9mtWGkr.webp',NULL,12,NULL,NULL,6,'2024-05-15 09:13:10','2024-05-15 09:13:10'),(348,'lcfecnZnL9.jpg',NULL,12,NULL,NULL,7,'2024-05-15 09:13:10','2024-05-15 09:13:10'),(349,'sF7aksQgYL.webp',NULL,12,NULL,NULL,8,'2024-05-15 09:13:11','2024-05-15 09:13:11'),(350,'0lSfSPtGBg.jpg',NULL,12,NULL,NULL,9,'2024-05-15 09:13:11','2024-05-15 09:13:11'),(351,'tVHphnzUYr.webp',NULL,12,NULL,NULL,10,'2024-05-15 09:13:12','2024-05-15 09:13:12'),(352,'n67YXk5XUI.jpg',NULL,12,NULL,NULL,11,'2024-05-15 09:13:12','2024-05-15 09:13:12'),(353,'qAaTWXymmK.webp',NULL,12,NULL,NULL,12,'2024-05-15 09:13:13','2024-05-15 09:13:13'),(354,'x8deomPOik.webp',NULL,12,NULL,NULL,13,'2024-05-15 09:13:13','2024-05-15 09:13:13'),(355,'qjobIrfqIr.webp',NULL,12,NULL,NULL,14,'2024-05-15 09:13:14','2024-05-15 09:13:14'),(356,'VE0jWjONvO.webp',NULL,12,NULL,NULL,15,'2024-05-15 09:13:15','2024-05-15 09:13:15'),(357,'IrgB023rsh.webp',NULL,12,NULL,NULL,16,'2024-05-15 09:13:15','2024-05-15 09:13:15'),(358,'5gJ60eMOBx.webp',NULL,12,NULL,NULL,17,'2024-05-15 09:13:15','2024-05-15 09:13:15'),(359,'ZSHP12P4Cm.webp',NULL,12,NULL,NULL,18,'2024-05-15 09:13:16','2024-05-15 09:13:16'),(360,'R0Hlqti4e6.webp',NULL,12,NULL,NULL,19,'2024-05-15 09:13:17','2024-05-15 09:13:17'),(361,'ljvzkw4iny.webp',NULL,12,NULL,NULL,20,'2024-05-15 09:13:17','2024-05-15 09:13:17'),(362,'Y9Fk2YeeNF.webp',NULL,14,NULL,NULL,1,'2024-05-15 09:17:55','2024-05-15 09:17:55'),(363,'UvctkghmSZ.webp',NULL,14,NULL,NULL,2,'2024-05-15 09:17:56','2024-05-15 09:17:56'),(364,'ONLaEdS9Ej.webp',NULL,14,NULL,NULL,3,'2024-05-15 09:17:56','2024-05-15 09:17:56'),(365,'1pfUSewKaO.webp',NULL,14,NULL,NULL,4,'2024-05-15 09:17:57','2024-05-15 09:17:57'),(366,'ltooAVsKQe.webp',NULL,14,NULL,NULL,5,'2024-05-15 09:17:57','2024-05-15 09:17:57'),(367,'eZvL7qz4KM.webp',NULL,14,NULL,NULL,6,'2024-05-15 09:17:58','2024-05-15 09:17:58'),(368,'ZtmiHUn2Cy.webp',NULL,14,NULL,NULL,7,'2024-05-15 09:17:58','2024-05-15 09:17:58'),(369,'4qGEpieCLo.webp',NULL,14,NULL,NULL,8,'2024-05-15 09:17:59','2024-05-15 09:17:59'),(370,'dsPF9dNKhB.webp',NULL,14,NULL,NULL,9,'2024-05-15 09:17:59','2024-05-15 09:17:59'),(371,'lSN9MZEx9L.webp',NULL,14,NULL,NULL,10,'2024-05-15 09:17:59','2024-05-15 09:17:59'),(372,'jkwqKl6bcB.webp',NULL,14,NULL,NULL,11,'2024-05-15 09:18:00','2024-05-15 09:18:00'),(373,'OHIdu286JH.webp',NULL,14,NULL,NULL,12,'2024-05-15 09:18:01','2024-05-15 09:18:01'),(374,'qu9kShaG6E.jpg',NULL,14,NULL,NULL,13,'2024-05-15 09:18:01','2024-05-15 09:18:01'),(375,'WXiHAQ388f.jpg',NULL,14,NULL,NULL,14,'2024-05-15 09:18:01','2024-05-15 09:18:01'),(376,'tunl7DkrxW.jpeg',NULL,14,NULL,NULL,15,'2024-05-15 09:18:01','2024-05-15 09:18:01'),(377,'l3Tu9jgk5r.jpeg',NULL,14,NULL,NULL,16,'2024-05-15 09:18:01','2024-05-15 09:18:01'),(378,'X3d7F39YqD.jpeg',NULL,14,NULL,NULL,17,'2024-05-15 09:18:02','2024-05-15 09:18:02'),(379,'8vQK6xEU68.jpeg',NULL,14,NULL,NULL,18,'2024-05-15 09:18:02','2024-05-15 09:18:02'),(380,'KlGbim8Scd.jpeg',NULL,14,NULL,NULL,19,'2024-05-15 09:18:02','2024-05-15 09:18:02'),(381,'g06fOCmcVF.jpeg',NULL,14,NULL,NULL,20,'2024-05-15 09:18:02','2024-05-15 09:18:02'),(382,'fRgdf4UJgr.jpg',NULL,3,NULL,NULL,1,'2024-05-15 09:23:56','2024-05-15 09:23:56'),(383,'VOUnO0UOGO.jpg',NULL,3,NULL,NULL,2,'2024-05-15 09:23:57','2024-05-15 09:23:57'),(384,'MaB0ANvgVG.jpg',NULL,3,NULL,NULL,3,'2024-05-15 09:23:57','2024-05-15 09:23:57'),(385,'7mZdxdQqPr.jpg',NULL,3,NULL,NULL,4,'2024-05-15 09:23:57','2024-05-15 09:23:57'),(386,'qP3SNbNF34.jpg',NULL,3,NULL,NULL,5,'2024-05-15 09:23:57','2024-05-15 09:23:57'),(387,'p2kgCJdLiH.jpg',NULL,3,NULL,NULL,6,'2024-05-15 09:23:58','2024-05-15 09:23:58'),(388,'B3AcKRq0Pq.jpg',NULL,3,NULL,NULL,7,'2024-05-15 09:23:58','2024-05-15 09:23:58'),(389,'AVelbs1jym.jpg',NULL,NULL,7,NULL,1,'2024-05-15 09:29:14','2024-05-15 09:29:14'),(390,'dUYRs9Bpl1.jpg',NULL,NULL,7,NULL,2,'2024-05-15 09:29:14','2024-05-15 09:29:14'),(391,'35n3HiDVO1.jpg',NULL,NULL,7,NULL,3,'2024-05-15 09:29:15','2024-05-15 09:29:15'),(392,'5NYB3VBBb7.jpg',NULL,NULL,7,NULL,4,'2024-05-15 09:29:15','2024-05-15 09:29:15'),(393,'Mf1M1HuVNz.jpg',NULL,NULL,7,NULL,5,'2024-05-15 09:29:16','2024-05-15 09:29:16'),(394,'5tWwrkOibH.jpg',NULL,NULL,7,NULL,6,'2024-05-15 09:29:16','2024-05-15 09:29:16'),(395,'ywlKnYR873.jpg',NULL,NULL,7,NULL,7,'2024-05-15 09:29:16','2024-05-15 09:29:16'),(396,'xLyFtMjPRa.jpg',NULL,NULL,7,NULL,8,'2024-05-15 09:29:17','2024-05-15 09:29:17'),(397,'d4NIoktTsB.jpg',NULL,NULL,7,NULL,9,'2024-05-15 09:29:18','2024-05-15 09:29:18'),(398,'nmWVnnxcfX.jpg',NULL,NULL,7,NULL,10,'2024-05-15 09:29:19','2024-05-15 09:29:19'),(399,'3CjHTmlNf3.jpg',NULL,NULL,7,NULL,11,'2024-05-15 09:29:19','2024-05-15 09:29:19'),(400,'lZJf4EQbjF.jpg',NULL,NULL,7,NULL,12,'2024-05-15 09:29:20','2024-05-15 09:29:20'),(401,'reah0AgXON.jpg',NULL,NULL,7,NULL,13,'2024-05-15 09:29:21','2024-05-15 09:29:21'),(402,'2Nr9fKSsFy.jpg',NULL,NULL,7,NULL,14,'2024-05-15 09:29:22','2024-05-15 09:29:22'),(403,'4gWTqGZQVX.jpg',NULL,NULL,7,NULL,15,'2024-05-15 09:29:23','2024-05-15 09:29:23'),(404,'8sRILHUeuP.jpg',NULL,NULL,7,NULL,16,'2024-05-15 09:29:23','2024-05-15 09:29:23'),(405,'KcVTuolm5K.webp',NULL,27,NULL,NULL,1,'2024-05-23 20:49:31','2024-05-23 20:49:31'),(406,'KdLCa0dKx5.webp',NULL,27,NULL,NULL,2,'2024-05-23 20:49:32','2024-05-23 20:49:32'),(407,'qWlMigh9Nx.webp',NULL,27,NULL,NULL,3,'2024-05-23 20:49:32','2024-05-23 20:49:32'),(408,'zeuP9Atxc8.webp',NULL,27,NULL,NULL,4,'2024-05-23 20:49:33','2024-05-23 20:49:33'),(409,'gglspmVAVg.webp',NULL,27,NULL,NULL,5,'2024-05-23 20:49:34','2024-05-23 20:49:34'),(410,'8tfXOmjBMd.webp',NULL,27,NULL,NULL,6,'2024-05-23 20:49:35','2024-05-23 20:49:35'),(411,'LVVkXseYAk.webp',NULL,27,NULL,NULL,7,'2024-05-23 20:49:35','2024-05-23 20:49:35'),(412,'Xtiv9hqwHb.webp',NULL,27,NULL,NULL,8,'2024-05-23 20:49:35','2024-05-23 20:49:35'),(413,'IlMUmtk2zH.webp',NULL,27,NULL,NULL,9,'2024-05-23 20:49:36','2024-05-23 20:49:36'),(414,'qcv7fIv5ep.webp',NULL,27,NULL,NULL,10,'2024-05-23 20:49:36','2024-05-23 20:49:36'),(415,'kVs2nBqO4z.webp',NULL,27,NULL,NULL,11,'2024-05-23 20:49:36','2024-05-23 20:49:36'),(416,'LQQ0924nQS.webp',NULL,27,NULL,NULL,12,'2024-05-23 20:49:37','2024-05-23 20:49:37'),(417,'9usbhNQtsV.webp',NULL,27,NULL,NULL,13,'2024-05-23 20:49:38','2024-05-23 20:49:38'),(418,'RqnVwq4yM5.webp',NULL,27,NULL,NULL,14,'2024-05-23 20:49:38','2024-05-23 20:49:38'),(419,'RcjDBsSv7N.webp',NULL,27,NULL,NULL,15,'2024-05-23 20:49:38','2024-05-23 20:49:38'),(420,'vMqWbnsFCE.webp',NULL,27,NULL,NULL,16,'2024-05-23 20:49:39','2024-05-23 20:49:39'),(421,'hI3mxc1enz.webp',NULL,27,NULL,NULL,17,'2024-05-23 20:49:39','2024-05-23 20:49:39'),(422,'piDarPlXh6.webp',NULL,27,NULL,NULL,18,'2024-05-23 20:49:40','2024-05-23 20:49:40'),(423,'xDoW2CtL5A.webp',NULL,27,NULL,NULL,19,'2024-05-23 20:49:42','2024-05-23 20:49:42'),(424,'VqkmrCYtgA.webp',NULL,27,NULL,NULL,20,'2024-05-23 20:49:44','2024-05-23 20:49:44'),(425,'8tVwmXQ4lP.webp',NULL,28,NULL,NULL,1,'2024-05-23 20:51:26','2024-05-23 20:51:26'),(426,'TyqM4ALw0F.webp',NULL,28,NULL,NULL,2,'2024-05-23 20:51:26','2024-05-23 20:51:26'),(427,'bORK4UyW3U.webp',NULL,28,NULL,NULL,3,'2024-05-23 20:51:27','2024-05-23 20:51:27'),(428,'Byt17bcyO5.webp',NULL,28,NULL,NULL,4,'2024-05-23 20:51:27','2024-05-23 20:51:27'),(429,'9IzCWJlf6i.webp',NULL,28,NULL,NULL,5,'2024-05-23 20:51:27','2024-05-23 20:51:27'),(430,'0ZWEVz7RhC.webp',NULL,28,NULL,NULL,6,'2024-05-23 20:51:28','2024-05-23 20:51:28'),(431,'uOx0TKFelu.webp',NULL,28,NULL,NULL,7,'2024-05-23 20:52:20','2024-05-23 20:52:20'),(432,'i8Cj4A277l.jpg',NULL,22,NULL,NULL,1,'2024-06-19 19:05:02','2024-06-19 19:05:02'),(433,'9i2TzE5DUS.jpg',NULL,22,NULL,NULL,2,'2024-06-19 19:05:03','2024-06-19 19:05:03'),(434,'tbRDpD7BMq.jpg',NULL,22,NULL,NULL,3,'2024-06-19 19:05:03','2024-06-19 19:05:03'),(435,'YMGrxJOToG.jpg',NULL,22,NULL,NULL,4,'2024-06-19 19:05:04','2024-06-19 19:05:04'),(436,'rUNk9hdtZ4.jpg',NULL,22,NULL,NULL,5,'2024-06-19 19:05:04','2024-06-19 19:05:04'),(437,'LDs8pc1zNi.jpg',NULL,22,NULL,NULL,6,'2024-06-19 19:05:04','2024-06-19 19:05:04'),(438,'xX0S7XB2IO.jpg',NULL,22,NULL,NULL,7,'2024-06-19 19:05:05','2024-06-19 19:05:05'),(439,'qXBemvMLWj.jpg',NULL,22,NULL,NULL,8,'2024-06-19 19:05:05','2024-06-19 19:05:05'),(440,'rCjn1IWtrs.jpg',NULL,22,NULL,NULL,9,'2024-06-19 19:05:05','2024-06-19 19:05:05'),(441,'vvAJWsNrCS.jpg',NULL,22,NULL,NULL,10,'2024-06-19 19:05:06','2024-06-19 19:05:06'),(442,'CjnWJB7aZ9.jpg',NULL,22,NULL,NULL,11,'2024-06-19 19:05:06','2024-06-19 19:05:06');
/*!40000 ALTER TABLE `gallery` ENABLE KEYS */;
UNLOCK TABLES;

--
-- Table structure for table `guest`
--

DROP TABLE IF EXISTS `guest`;
/*!40101 SET @saved_cs_client     = @@character_set_client */;
/*!40101 SET character_set_client = utf8 */;
CREATE TABLE `guest` (
  `id` bigint(20) unsigned NOT NULL AUTO_INCREMENT,
  `name` varchar(255) NOT NULL,
  `email` varchar(255) DEFAULT NULL,
  `link_id` bigint(20) unsigned NOT NULL,
  `plus_one` tinyint(1) NOT NULL DEFAULT 0,
  `confirmed` tinyint(1) NOT NULL DEFAULT 0,
  `created_at` timestamp NULL DEFAULT NULL,
  `updated_at` timestamp NULL DEFAULT NULL,
  `invitation_id` bigint(20) unsigned NOT NULL,
  `menu_option` varchar(255) DEFAULT NULL,
  PRIMARY KEY (`id`),
  KEY `guest_link_id_foreign` (`link_id`),
  KEY `guest_invitation_id_foreign` (`invitation_id`),
  CONSTRAINT `guest_invitation_id_foreign` FOREIGN KEY (`invitation_id`) REFERENCES `invitations` (`id`) ON DELETE CASCADE,
  CONSTRAINT `guest_link_id_foreign` FOREIGN KEY (`link_id`) REFERENCES `links` (`id`)
) ENGINE=InnoDB AUTO_INCREMENT=226 DEFAULT CHARSET=utf8mb4 COLLATE=utf8mb4_unicode_ci;
/*!40101 SET character_set_client = @saved_cs_client */;

--
-- Dumping data for table `guest`
--

LOCK TABLES `guest` WRITE;
/*!40000 ALTER TABLE `guest` DISABLE KEYS */;
INSERT INTO `guest` VALUES (22,'Filip',NULL,17,0,1,'2024-01-29 21:32:41','2024-01-29 21:33:00',54,'regular'),(23,'Petko',NULL,18,0,0,'2024-01-29 21:34:48','2024-01-29 21:34:48',54,'regular'),(24,'Boban',NULL,19,0,0,'2024-01-29 21:34:58','2024-01-29 21:34:58',54,'regular'),(25,'Elena',NULL,19,0,1,'2024-01-29 21:34:58','2024-01-29 21:35:30',54,'regular'),(26,'Martin',NULL,20,0,1,'2024-01-29 21:35:04','2024-01-29 21:35:51',54,'regular'),(27,'Tilia',NULL,20,0,1,'2024-01-29 21:35:48','2024-01-29 21:35:48',54,'regular'),(43,'Martin','martin@pingdevs.com',33,0,1,'2024-02-10 20:41:58','2024-02-12 10:43:05',64,'vegan'),(45,'Boris',NULL,35,0,0,'2024-02-12 21:49:54','2024-02-12 21:49:54',65,'regular'),(46,'Petar','martin@pingdevs.com',36,0,1,'2024-02-13 11:31:46','2024-02-13 11:39:21',66,'regular'),(47,'Petar',NULL,37,0,0,'2024-02-13 11:38:50','2024-02-13 11:38:50',66,'regular'),(48,'Goran',NULL,38,0,0,'2024-02-13 11:39:05','2024-02-13 11:39:05',66,'regular'),(49,'Filip','filip@dragigosti.com',39,0,0,'2024-02-13 18:52:31','2024-02-13 18:52:31',67,'regular'),(50,'Boban','boban@dragigosti.com',40,0,1,'2024-02-13 18:52:46','2024-02-13 18:54:44',67,'regular'),(51,'Boban Nikolovski','boban@dragigosti.com',41,0,1,'2024-02-14 11:11:54','2024-02-14 11:12:18',68,'vegan'),(56,'Marija',NULL,45,0,0,'2024-02-15 12:03:02','2024-02-15 12:03:02',72,'regular'),(57,'Надица',NULL,46,0,0,'2024-02-16 13:23:26','2024-02-16 13:23:26',73,'regular'),(58,'Ангел',NULL,46,0,0,'2024-02-16 13:23:26','2024-02-16 13:23:26',73,'regular'),(64,'Bojan','pbluent@gmail.com',51,1,1,'2024-02-24 16:38:33','2024-03-08 19:35:58',77,'halal'),(65,'Мартин',NULL,52,0,0,'2024-03-05 08:48:25','2024-03-05 08:48:25',79,'regular'),(66,'Милош','martin@pingdevs.com',53,0,1,'2024-03-05 08:48:36','2024-03-05 08:50:22',79,'vegan'),(67,'Весна',NULL,53,0,0,'2024-03-05 08:48:36','2024-03-05 08:48:36',79,'regular'),(68,'Анче',NULL,54,0,0,'2024-03-05 11:40:02','2024-03-05 11:40:02',80,'regular'),(69,'Бобан','contact@dragigosti.com',55,0,1,'2024-03-05 11:40:10','2024-03-05 11:40:41',80,'vegetarian'),(70,'Елена',NULL,55,0,0,'2024-03-05 11:40:10','2024-03-05 11:40:10',80,'regular'),(71,'Martin','martin@myhost.mk',56,0,1,'2024-03-12 14:58:50','2024-03-12 15:01:16',72,'vegan'),(72,'Martin','martin@pingdevs.com',57,0,1,'2024-03-12 15:02:04','2024-03-12 15:02:15',72,'regular'),(73,'бобан',NULL,58,1,0,'2024-03-13 16:13:17','2024-03-13 16:13:17',85,'regular'),(74,'Филип','filip@dragigosti.com',59,0,1,'2024-03-14 12:03:33','2024-03-14 12:04:04',86,'vegan'),(75,'Биљана',NULL,59,0,0,'2024-03-14 12:03:33','2024-03-14 12:03:33',86,'regular'),(76,'Jovan','contact@dragigosti.com',60,0,1,'2024-03-20 11:49:35','2024-03-20 11:50:16',89,'halal'),(77,'Petar',NULL,61,0,0,'2024-03-21 15:11:33','2024-03-21 15:11:33',86,'regular'),(81,'Филип','martin@pingdevs.com',65,0,1,'2024-04-12 12:16:14','2024-04-12 12:53:57',94,NULL),(84,'Boban',NULL,68,0,0,'2024-04-12 12:44:06','2024-04-12 12:44:06',94,'regular'),(87,'Boban',NULL,69,0,0,'2024-04-12 12:58:09','2024-04-12 12:58:09',96,NULL),(88,'Vlado Kostovski',NULL,71,1,0,'2024-04-12 14:30:58','2024-04-12 14:30:58',94,NULL),(89,'Ivana Kostovska',NULL,71,1,0,'2024-04-12 14:30:58','2024-04-12 14:30:58',94,NULL),(90,'Petar Neshovski',NULL,72,1,0,'2024-04-12 14:37:12','2024-04-12 14:37:12',96,NULL),(91,'Nikola Stojmenov',NULL,72,1,0,'2024-04-12 14:37:12','2024-04-12 14:37:12',96,NULL),(105,'Мими','mimi_mitrovska@yahoo.com',88,0,1,'2024-04-13 17:51:14','2024-04-13 17:58:04',108,NULL),(106,'Теодора','teodora.pavlovskaa@yahoo.com',89,1,1,'2024-04-13 17:52:03','2024-04-13 18:44:55',108,NULL),(107,'Гага','angeloska.dragana@yahoo.com',90,1,1,'2024-04-13 17:53:04','2024-04-13 18:00:14',108,NULL),(108,'Алора',NULL,91,0,0,'2024-04-13 17:53:26','2024-04-13 18:11:07',108,NULL),(109,'Иван','ivan_stanojevic88@yahoo.com',92,0,1,'2024-04-13 17:54:03','2024-04-13 19:06:42',108,NULL),(110,'Стефан','stefan.krstevski@live.com',93,1,1,'2024-04-13 17:54:55','2024-04-23 08:57:35',108,NULL),(111,'Филип','FilipChernozemski@gmail.com',94,0,1,'2024-04-13 17:57:01','2024-04-13 17:59:06',108,NULL),(112,'Надица и Кики',NULL,95,0,0,'2024-04-13 17:59:52','2024-04-13 17:59:52',108,NULL),(113,'Мони и Деки','s.pejovska@yahoo.com',96,0,1,'2024-04-13 18:01:08','2024-04-14 05:04:49',108,NULL),(114,'Ивана и Атанас','iivana.grujoska@gmail.com',97,0,1,'2024-04-13 18:03:05','2024-04-13 18:06:22',108,NULL),(115,'Ирена и Филип','i.blagoeva1994@gmail.com',98,0,1,'2024-04-13 18:05:22','2024-04-17 13:51:36',108,NULL),(116,'Вања',NULL,99,1,0,'2024-04-13 18:07:29','2024-04-13 18:07:29',108,NULL),(117,'Ангела и Дарко',NULL,100,0,0,'2024-04-13 18:10:20','2024-04-13 18:10:20',108,NULL),(118,'Darko','angelanikolova00@gmail.com',91,0,1,'2024-04-13 18:11:07','2024-04-13 18:11:07',108,'regular'),(119,'Мама и тато',NULL,101,0,0,'2024-04-13 18:11:15','2024-04-13 18:11:15',108,NULL),(120,'Заге и Игор','zage_mitrovska@yahoo.com',102,0,1,'2024-04-13 18:11:40','2024-04-13 18:37:34',108,NULL),(121,'Ана Марија',NULL,103,0,0,'2024-04-13 18:12:34','2024-04-13 18:12:34',108,NULL),(122,'Емче','poposka.e@hotmail.com',104,0,1,'2024-04-13 18:13:34','2024-04-13 18:18:42',108,NULL),(123,'Драган','ivanovdragan@hotmail.com',105,0,1,'2024-04-13 18:14:16','2024-04-13 18:21:18',108,NULL),(124,'Милан','milanflickers@gmail.com',106,0,1,'2024-04-13 18:14:39','2024-04-13 18:49:04',108,NULL),(125,'Ана',NULL,107,0,0,'2024-04-13 18:15:08','2024-04-13 18:15:08',108,NULL),(126,'Санела','sanela4335@icloud.com',108,0,1,'2024-04-13 18:15:40','2024-04-13 18:19:46',108,NULL),(127,'Емин','eminadttt@gmail.com',109,0,1,'2024-04-13 18:16:36','2024-04-15 14:48:58',108,NULL),(128,'Ангелина','zaprovska.angelina@gmail.com',110,0,1,'2024-04-13 18:17:37','2024-04-24 14:44:30',108,NULL),(129,'Рија',NULL,111,0,0,'2024-04-13 18:18:10','2024-04-13 18:18:10',108,NULL),(130,'Дачо',NULL,112,0,0,'2024-04-13 18:18:36','2024-04-13 18:18:36',108,NULL),(131,'Бојана','bojanazdravkovska@yahoo.com',113,0,1,'2024-04-13 18:19:56','2024-04-13 18:21:17',108,NULL),(132,'Соња','sonjaristovska27@hotmail.com',114,0,1,'2024-04-13 18:21:00','2024-04-13 18:22:06',108,NULL),(133,'Андреја','andreatrajkovska@gmail.com',115,0,1,'2024-04-13 18:22:23','2024-04-13 19:41:22',108,NULL),(134,'Мони','monikamitreva@yahoo.com',116,1,1,'2024-04-13 18:23:59','2024-04-13 18:26:01',108,NULL),(135,'Маги <3','macika_sk@yahoo.com',117,0,1,'2024-04-13 18:25:06','2024-04-13 18:26:34',108,NULL),(136,'Иви',NULL,118,0,0,'2024-04-13 18:29:05','2024-04-13 18:29:05',108,NULL),(137,'Александар',NULL,119,0,0,'2024-04-13 18:29:32','2024-04-13 18:29:32',108,NULL),(138,'Оли','oliver.a@stbbt.com.mk',120,0,1,'2024-04-13 18:30:39','2024-04-19 18:46:55',108,NULL),(139,'Маја и Никола','maja_lazevska@hotmail.com',121,0,1,'2024-04-13 18:32:13','2024-04-27 06:23:31',108,NULL),(140,'Силвана','angeloskasilvana@yahoo.com',122,0,1,'2024-04-13 18:34:03','2024-04-19 17:18:53',108,NULL),(141,'Александра и Ѓорѓи','art.dizajn@yahoo.com',123,0,1,'2024-04-13 18:34:45','2024-04-20 17:57:29',108,NULL),(142,'Марија и Бране',NULL,124,0,0,'2024-04-13 18:37:14','2024-04-13 18:37:14',108,NULL),(143,'Ана и Дарко','ana@vista.mk',125,1,1,'2024-04-13 18:39:34','2024-04-15 11:39:35',108,NULL),(144,'Леа','lea_damovska@hotmail.com',126,0,1,'2024-04-13 18:42:58','2024-04-13 18:52:31',108,NULL),(145,'Ема и Иван',NULL,127,0,0,'2024-04-13 18:45:52','2024-04-13 18:45:52',108,NULL),(146,'Јуле','karanfilovskaj@yahoo.com',128,0,1,'2024-04-13 18:46:55','2024-04-13 19:00:23',108,NULL),(147,'Наташа и Марио',NULL,129,0,0,'2024-04-13 18:48:57','2024-04-13 18:48:57',108,NULL),(148,'Меми',NULL,130,0,0,'2024-04-13 18:49:51','2024-04-13 18:49:51',108,NULL),(149,'Ивана и Влатко','serafimoska_i@yahoo.com',131,0,1,'2024-04-13 18:51:01','2024-04-13 19:23:10',108,NULL),(150,'Marija & Zachary',NULL,132,0,0,'2024-04-13 18:53:04','2024-04-13 18:53:04',108,NULL),(151,'Ана <3','anaspasovska28@gmail.com',133,0,1,'2024-04-13 18:55:31','2024-04-25 06:08:32',108,NULL),(152,'Филип',NULL,134,1,0,'2024-04-13 18:55:55','2024-04-13 18:55:55',108,NULL),(153,'Игор',NULL,135,0,0,'2024-04-13 18:56:38','2024-04-13 18:56:38',108,NULL),(154,'Марсо',NULL,136,0,0,'2024-04-13 19:04:25','2024-04-13 19:04:25',108,NULL),(155,'Nikola','andreatrajkovska@gmail.com',115,0,1,'2024-04-13 19:41:22','2024-04-13 19:41:22',108,'regular'),(156,'Слаџана','sladzana86@gmail.com',137,0,1,'2024-04-13 20:23:24','2024-04-13 21:03:27',108,NULL),(157,'Рената','renata.mladenovska@hotmail.com',138,0,1,'2024-04-13 20:25:05','2024-04-13 22:47:04',108,NULL),(158,'Ема','ematopcova@gmail.com',139,0,1,'2024-04-14 10:16:26','2024-04-14 11:20:34',108,NULL),(159,'Бојана <3','bojanastojanova@hotmail.com',140,0,1,'2024-04-14 10:16:58','2024-04-25 10:39:00',108,NULL),(160,'Биби','janackov1@hotmail.com',141,0,1,'2024-04-14 10:17:32','2024-04-14 10:36:23',108,NULL),(161,'Божидар','bozsim22@gmail.com',142,0,1,'2024-04-14 10:19:57','2024-04-14 10:56:13',108,NULL),(162,'Далибор и Билјана','dobrevski.dalibor@hotmail.com',143,0,1,'2024-04-14 10:26:32','2024-04-14 10:35:15',108,NULL),(163,'Горјан и Маријана',NULL,144,0,0,'2024-04-14 10:27:39','2024-04-14 10:27:39',108,NULL),(164,'Борис',NULL,145,0,0,'2024-04-14 10:28:55','2024-04-14 10:28:55',108,NULL),(165,'Давор',NULL,146,0,0,'2024-04-14 11:11:11','2024-04-14 11:11:11',108,NULL),(169,'Мамо',NULL,150,0,0,'2024-04-16 18:37:02','2024-04-16 18:37:02',110,NULL),(170,'Другарче',NULL,151,0,0,'2024-04-16 20:03:53','2024-04-16 20:03:53',110,NULL),(171,'Другарче',NULL,152,1,0,'2024-04-16 20:04:00','2024-04-16 20:04:00',110,NULL),(175,'Filip','.@gmail.com',98,0,1,'2024-04-17 13:51:13','2024-04-17 13:51:13',108,NULL),(176,'Весна',NULL,155,0,0,'2024-04-17 13:57:57','2024-04-17 13:57:57',108,NULL),(177,'Зоран',NULL,156,0,0,'2024-04-17 13:58:29','2024-04-17 13:58:29',108,NULL),(178,'Нино',NULL,157,0,0,'2024-04-17 13:58:54','2024-04-17 13:58:54',108,NULL),(179,'Елена','stolevska_elena@yahoo.com',158,0,1,'2024-04-17 14:00:03','2024-04-17 20:22:56',108,NULL),(180,'Ана',NULL,159,0,0,'2024-04-17 14:38:12','2024-04-17 14:38:12',108,NULL),(193,'Biljana','biljana.stef@outlook.com',170,0,1,'2024-04-21 17:44:47','2024-04-21 17:47:31',116,'regular'),(194,'Chen','biljana.stef@outlook.com',171,1,0,'2024-04-21 17:53:14','2024-04-21 17:53:14',116,NULL),(195,'Николина',NULL,172,0,0,'2024-04-23 18:04:23','2024-04-23 18:04:23',108,NULL),(200,'Martin Karadzinov','martin@pingdevs.com',176,0,1,'2024-04-30 10:20:16','2024-04-30 10:20:40',130,NULL),(202,'Jovan','martin@pingdevs.com',178,0,1,'2024-05-01 18:56:27','2024-05-01 18:58:54',130,NULL),(203,'LQ','liquid.adrenalyn@gmail.com',179,1,1,'2024-05-04 13:57:29','2024-05-04 13:58:28',131,NULL),(208,'Martin Karadzinov','martin@pingdevs.com',184,0,1,'2024-05-17 08:52:07','2024-05-17 08:52:28',134,NULL),(209,'Andrej',NULL,185,0,0,'2024-05-17 08:52:53','2024-05-17 08:52:53',134,NULL),(210,'Andrej','andrej@gmail.com',186,0,1,'2024-05-17 08:53:00','2024-05-17 08:53:40',134,NULL),(211,'Maria','maria@gmail.com',186,0,1,'2024-05-17 08:53:40','2024-05-17 08:53:40',134,NULL),(214,'Вероника',NULL,189,0,0,'2024-05-22 17:46:58','2024-05-22 17:46:58',135,NULL),(215,'Мартин','martin@pingdevs.com',190,0,1,'2024-05-28 16:01:43','2024-05-28 16:08:54',136,'vegan'),(216,'Filip','filipchernozemski@gmail.com',191,0,1,'2024-05-28 16:05:01','2024-05-28 16:07:33',136,'regular'),(217,'Janko',NULL,191,0,0,'2024-05-28 16:05:01','2024-05-28 16:05:01',136,NULL),(218,'Stanka',NULL,191,0,0,'2024-05-28 16:05:01','2024-05-28 16:05:01',136,NULL),(219,'Gjuro',NULL,191,0,0,'2024-05-28 16:05:01','2024-05-28 16:05:01',136,NULL),(220,'Сузан','suzan2006@live.com',192,1,0,'2024-05-28 16:38:14','2024-05-28 16:38:14',136,NULL),(221,'Зоки',NULL,193,0,0,'2024-06-01 13:10:46','2024-06-01 13:10:46',135,NULL),(222,'Andrej','martin@pingdevs.com',194,0,1,'2024-06-03 09:28:12','2024-06-03 09:28:29',137,NULL),(223,'Vilijam',NULL,195,0,0,'2024-06-08 20:21:16','2024-06-08 20:21:16',135,NULL),(224,'Иван','contact@dragigosti.com',196,0,1,'2024-06-22 17:24:51','2024-06-22 17:25:19',79,'regular'),(225,'Vesna','contact@dragigosti.com',196,0,1,'2024-06-22 17:25:19','2024-06-22 17:25:19',79,'regular');
/*!40000 ALTER TABLE `guest` ENABLE KEYS */;
UNLOCK TABLES;

--
-- Table structure for table `invitations`
--

DROP TABLE IF EXISTS `invitations`;
/*!40101 SET @saved_cs_client     = @@character_set_client */;
/*!40101 SET character_set_client = utf8 */;
CREATE TABLE `invitations` (
  `id` bigint(20) unsigned NOT NULL AUTO_INCREMENT,
  `male_name` varchar(255) DEFAULT NULL,
  `female_name` varchar(255) DEFAULT NULL,
  `male_text` longtext DEFAULT NULL,
  `female_text` longtext DEFAULT NULL,
  `main_text` longtext DEFAULT NULL,
  `template` varchar(255) NOT NULL,
  `invitation_link` varchar(255) NOT NULL,
  `male_photo` varchar(255) DEFAULT NULL,
  `female_photo` varchar(255) DEFAULT NULL,
  `group_photo` varchar(255) NOT NULL,
  `date` varchar(255) NOT NULL,
  `restaurant_id` bigint(20) unsigned DEFAULT NULL,
  `created_at` timestamp NULL DEFAULT NULL,
  `updated_at` timestamp NULL DEFAULT NULL,
  `user_id` bigint(20) unsigned DEFAULT NULL,
  `male_quote` longtext DEFAULT NULL,
  `female_quote` longtext DEFAULT NULL,
  `email` varchar(255) NOT NULL,
  `lat` double(20,10) DEFAULT NULL,
  `lng` double(20,10) DEFAULT NULL,
  `hash` varchar(255) DEFAULT NULL,
  `name` varchar(255) DEFAULT NULL,
  `years` varchar(255) DEFAULT NULL,
  PRIMARY KEY (`id`),
  UNIQUE KEY `invitations_invitation_link_unique` (`invitation_link`),
  KEY `invitations_restaurant_id_foreign` (`restaurant_id`),
  KEY `invitations_user_id_foreign` (`user_id`),
  CONSTRAINT `invitations_restaurant_id_foreign` FOREIGN KEY (`restaurant_id`) REFERENCES `restaurants` (`id`),
  CONSTRAINT `invitations_user_id_foreign` FOREIGN KEY (`user_id`) REFERENCES `users` (`id`)
) ENGINE=InnoDB AUTO_INCREMENT=154 DEFAULT CHARSET=utf8mb4 COLLATE=utf8mb4_unicode_ci;
/*!40101 SET character_set_client = @saved_cs_client */;

--
-- Dumping data for table `invitations`
--

LOCK TABLES `invitations` WRITE;
/*!40000 ALTER TABLE `invitations` DISABLE KEYS */;
INSERT INTO `invitations` VALUES (34,'Стеванче','Елена','<p>На секој човек му е потребен животен сопатник, многу љубов и разбирање.</p>\n<p>Ако сонцето ја има месечината, денот ја има ноќта, планината го има морето, животот ја има смртта, длабочината ја има висината, галамата ја има тишината, среќата ја има тагата, доброто го има злото - јас ја имам Елена . Таа е сè што недостасуваше во мојот живот, а заедно сме енергијата, земјата, водата, воздухот и огнот. Ви благодарам што сте дел од нашиот живот.</p>\n<p>Дојдете да си поминеме убаво!</p>','<p>Како секоја принцеза, така и јас сонував за принцот на бел коњ. Но, за кратко време сфатив дека реалноста е многу поубава од секоја бајка, од секој коњ, од секој сон... Наместо да се плашам од иднината, решив после една година да влезам во една друга реалност која ме научи на мир, среќа и на решителност. Заедно со Стеванче постигнавме многу за кратко време и едвај чекам да видам што можеме да направиме понатаму. Но, без Вашата поддршка, љубов и грижа, никогаш немаше да бидеме тука.</p>','Со огромна чест и задоволство Ве покануваме заедно да ја прославиме една од нашите најважни вечери во животот. Од Вас очекуваме да донесете само позитивна енергија и удобни чевли за играње. Се гледаме!','template_a','elena-stevanche','1705616503.IMG_0487.jpeg','1705616478.IMG_0471.jpeg','1705616567.IMG_0919.jpeg','2024-11-16',NULL,'2024-01-18 22:22:57','2024-01-18 22:22:57',NULL,'<p>Доста време ерген одев, доста лични моми водев, дојде време да се женам, овој живот да го сменам.</p>','<p>\"We mature in knowledge and wisdom but never leave the playground of our hearts.\"</p>','stevce@gmail.com',NULL,NULL,'7d7acaccfa05691a081ce26729e19792',NULL,NULL),(51,'ССССDDDС','асДАСДДДДДДД','<p>На секој човек му е потребен животен сопатник, многу љубов и разбирање.</p><p>Ако сонцето ја има месечината, денот ја има ноќта, планината го има морето, животот ја има смртта, длабочината ја има висината, галамата ја има тишината, среќата ја има тагата, доброто го има злото - јас ја имам асДАСДДДДДДД . Таа е с&egrave; што недостасуваше во мојот живот, а заедно сме енергијата, земјата, водата, воDDDздухот и огнот. Ви благодарам што сте дел од нашиот живот.</p><p>Дојдете да си поминеме убаво!</p>','<p>Како секоја принцеза, така и јас сонував за принцот на бел коњ. Но, за кратко време сфатив дека реалноста е многу поубава од секоја бајка, од секој коњ, од секој сон... Наместо да се плашам од иднината, решив после една година да влезам во една друга реалност која ме научи на мир, среќа и на решителност. Заедно со ССССС постигнавме многу за кратко време и едвај чекам да видам што можеме да направиме понатаму. Но, без Вашата поддршка, љубов и грижа, никогаш немаше да бидеме тука.</p>','<p>Со огромна чест и задоволство Ве покануваме заедно да ја прославиме една од нашите најважни вечери во животот. Од Вас очекуваме да донесете само позитивна енергија и удобни чевли за играње. Се гледаме!</p>','template_a','asdasddddddd-sssss','1706294697.aaa.png','1706294690.aaa.png','1706294711.DragiGosti-02.png','2024-02-24',NULL,'2024-01-26 18:45:15','2024-01-26 18:45:45',NULL,'<p>Доста време ерген одев, доста лични моми DDводев, дојде време да се женам, овој живот да го сменам.</p>','<p>\"We mature in knowledge and wisdom but never leave the playground of our hearts.\"</p>','sdfsdf@email.com',46.2276380000,2.2137490000,'07967c5074120a810e7cb731147d3541',NULL,NULL),(53,'РомеЈо','ЏуЉиета','<p>На секој човек му е потребен животен сопатник, многу љубов и разбирање.</p>\n<p>Ако сонцето ја има месечината, денот ја има ноќта, планината го има морето, животот ја има смртта, длабочината ја има висината, галамата ја има тишината, среќата ја има тагата, доброто го има злото - јас ја имам ЏуЉиета . Таа е сè што недостасуваше во мојот живот, а заедно сме енергијата, земјата, водата, воздухот и огнот. Ви благодарам што сте дел од нашиот живот.</p>\n<p>Дојдете да си поминеме убаво!</p>','<p>Како секоја принцеза, така и јас сонував за принцот на бел коњ. Но, за кратко време сфатив дека реалноста е многу поубава од секоја бајка, од секој коњ, од секој сон... Наместо да се плашам од иднината, решив после една година да влезам во една друга реалност која ме научи на мир, среќа и на решителност. Заедно со РомеЈо постигнавме многу за кратко време и едвај чекам да видам што можеме да направиме понатаму. Но, без Вашата поддршка, љубов и грижа, никогаш немаше да бидеме тука.</p>','Со огромна чест и задоволство Ве покануваме заедно да ја прославиме една од нашите најважни вечери во животот. Од Вас очекуваме да донесете само позитивна енергија и удобни чевли за играње. Се гледаме!','template_a','djuljieta-romejo','1706558047.Nevestata.jfif','1706558039.mladozenja.webp','1706558056.Zaednicka.jfif','2024-02-29',NULL,'2024-01-29 19:54:26','2024-01-29 19:54:26',NULL,'<p>Доста време ерген одев, доста лични моми водев, дојде време да се женам, овој живот да го сменам.</p>','<p>\"We mature in knowledge and wisdom but never leave the playground of our hearts.\"</p>','Pero@manko.com',NULL,NULL,'a5dcf3b6c0f487e04fab28c1de267d82',NULL,NULL),(54,'Владимир','Малена','<p>На секој човек му е потребен животен сопатник, многу љубов и разбирање.</p>\n<p>Ако сонцето ја има месечината, денот ја има ноќта, планината го има морето, животот ја има смртта, длабочината ја има висината, галамата ја има тишината, среќата ја има тагата, доброто го има злото - јас ја имам Малена . Таа е сè што недостасуваше во мојот живот, а заедно сме енергијата, земјата, водата, воздухот и огнот. Ви благодарам што сте дел од нашиот живот.</p>\n<p>Дојдете да си поминеме убаво!</p>','<p>Како секоја принцеза, така и јас сонував за принцот на бел коњ. Но, за кратко време сфатив дека реалноста е многу поубава од секоја бајка, од секој коњ, од секој сон... Наместо да се плашам од иднината, решив после една година да влезам во една друга реалност која ме научи на мир, среќа и на решителност. Заедно со Владимир постигнавме многу за кратко време и едвај чекам да видам што можеме да направиме понатаму. Но, без Вашата поддршка, љубов и грижа, никогаш немаше да бидеме тука.</p>','Со огромна чест и задоволство Ве покануваме заедно да ја прославиме една од нашите најважни вечери во животот. Од Вас очекуваме да донесете само позитивна енергија и удобни чевли за играње. Се гледаме!','template_a','malena-vladimir','1706563751.tviti_10.jpg','1706563749.traktor_tom_05.jpg','1706564218.depositphotos_2934078-stock-illustration-phanter.jpg','2024-02-10',NULL,'2024-01-29 21:29:19','2024-01-29 21:37:02',8,'<p>Доста време ерген одев, доста лични моми водев, дојде време да се женам, овој живот да го сменам.</p>','<p>\"We mature in knowledge and wisdom but never leave the playground of our hearts.\"</p>','tiggaz@gmail.com',59.9138688000,10.7522454000,'2b07edaa3d43bff43340fc364bd8c1ee',NULL,NULL),(61,'Нино','Маја','<p>На секој човек му е потребен животен сопатник, многу љубов и разбирање.</p>\n<p>Ако сонцето ја има месечината, денот ја има ноќта, планината го има морето, животот ја има смртта, длабочината ја има висината, галамата ја има тишината, среќата ја има тагата, доброто го има злото - јас ја имам Маја . Таа е сè што недостасуваше во мојот живот, а заедно сме енергијата, земјата, водата, воздухот и огнот. Ви благодарам што сте дел од нашиот живот.</p>\n<p>Дојдете да си поминеме убаво!</p>','<p>Како секоја принцеза, така и јас сонував за принцот на бел коњ. Но, за кратко време сфатив дека реалноста е многу поубава од секоја бајка, од секој коњ, од секој сон... Наместо да се плашам од иднината, решив после една година да влезам во една друга реалност која ме научи на мир, среќа и на решителност. Заедно со Нино постигнавме многу за кратко време и едвај чекам да видам што можеме да направиме понатаму. Но, без Вашата поддршка, љубов и грижа, никогаш немаше да бидеме тука.</p>','Со огромна чест и задоволство Ве покануваме заедно да ја прославиме една од нашите најважни вечери во животот. Од Вас очекуваме да донесете само позитивна енергија и удобни чевли за играње. Се гледаме!','template_a','maja-nino','1707314272.download (10).jpeg','1707314266.download (9).jpeg','1707314277.photo-1560182949-be08bdd550e5.jpeg','2024-04-11',NULL,'2024-02-07 13:58:03','2024-02-07 13:58:03',NULL,'<p>Доста време ерген одев, доста лични моми водев, дојде време да се женам, овој живот да го сменам.</p>','<p>\"We mature in knowledge and wisdom but never leave the playground of our hearts.\"</p>','bla@bla',NULL,NULL,'6fc43f95c36dcc120f84f2484bd79176',NULL,NULL),(64,'Петар','Лихнида','<p>На секој човек му е потребен животен сопатник, многу љубов и разбирање.</p>\n\n<p>Ако сонцето ја има месечината, денот ја има ноќта, планината го има морето, животот ја има смртта, длабочината ја има висината, галамата ја има тишината, среќата ја има тагата, доброто го има злото - јас ја имам Лихнида . Таа е с&egrave; што недостасуваше во мојот живот, а заедно сме енергијата, земјата, водата, воздухот и огнот. Ви благодарам што сте дел од нашиот живот.</p>\n\n<p>Дојдете да си поминеме убаво!</p>','<p>Како секоја принцеза, така и јас сонував за принцот на бел коњ. Но, за кратко време сфатив дека реалноста е многу поубава од секоја бајка, од секој коњ, од секој сон... Наместо да се плашам од иднината, решив после една година да влезам во една друга реалност која ме научи на мир, среќа и на решителност. Заедно со Петар постигнавме многу за кратко време и едвај чекам да видам што можеме да направиме понатаму. Но, без Вашата поддршка, љубов и грижа, никогаш немаше да бидеме тука.</p>','<p>Со огромна чест и задоволство Ве покануваме заедно да ја прославиме една од нашите најважни вечери во животот. Од Вас очекуваме да донесете само позитивна енергија и удобни чевли за играње. Се гледаме!</p>','template_a','lihnida-petar','1707597552.boyfriend.jpeg','1707597549.girlfriend.jpeg','1707597555.Tips-to-Improve-Your-Relationship.jpg','2024-02-25',13,'2024-02-10 20:39:20','2024-02-10 20:41:40',15,'<p>Доста време ерген одев, доста лични моми водев, дојде време да се женам, овој живот да го сменам.</p>','<p>\"We mature in knowledge and wisdom but never leave the playground of our hearts.\"</p>','contact@dragigosti.com',NULL,NULL,'a25d2069344473802ac49178d8f09ccf',NULL,NULL),(65,'Милош','Петра','<p>На секој човек му е потребен животен сопатник, многу љубов и разбирање.</p><p>Ако сонцето ја има месечината, денот ја има ноќта, планината го има морето, животот ја има смртта, длабочината ја има висината, галамата ја има тишината, среќата ја има тагата, доброто го има злото - јас ја имам Петра . Таа е с&egrave; што недостасуваше во мојот живот, а заедно сме енергијата, земјата, водата, воздухот и огнот. Ви благодарам што сте дел од нашиот живот.</p><p>Дојдете да си поминеме убаво!</p>','<p>Како секоја принцеза, така и јас сонував за принцот на бел коњ. Но, за кратко време сфатив дека реалноста е многу поубава од секоја бајка, од секој коњ, од секој сон... Наместо да се плашам од иднината, решив после една година да влезам во една друга реалност која ме научи на мир, среќа и на решителност. Заедно со Милош постигнавме многу за кратко време и едвај чекам да видам што можеме да направиме понатаму. Но, без Вашата поддршка, љубов и грижа, никогаш немаше да бидеме тука.</p>','Со огромна чест и задоволство Ве покануваме заедно да ја прославиме една од нашите најважни вечери во животот. Од Вас очекуваме да донесете само позитивна енергија и удобни чевли за играње. Се гледаме!','template_a','petra-milosh','1707774524.boyfriend.jpeg','1707774518.girlfriend.jpeg','1707774526.Tips-to-Improve-Your-Relationship.jpg','2024-05-25',13,'2024-02-12 21:48:49','2024-02-12 21:49:09',15,'<p>Доста време ерген одев, доста лични моми водев, дојде време да се женам, овој живот да го сменам.</p>','<p>\"We mature in knowledge and wisdom but never leave the playground of our hearts.\"</p>','contact@dragigosti.com',NULL,NULL,'a25d2069344473802ac49178d8f09ccf',NULL,NULL),(66,'Мартин','Марта','<p>На секој човек му е потребен животен сопатник, многу љубов и разбирање.</p>\n<p>Ако сонцето ја има месечината, денот ја има ноќта, планината го има морето, животот ја има смртта, длабочината ја има висината, галамата ја има тишината, среќата ја има тагата, доброто го има злото - јас ја имам Марта . Таа е сè што недостасуваше во мојот живот, а заедно сме енергијата, земјата, водата, воздухот и огнот. Ви благодарам што сте дел од нашиот живот.</p>\n<p>Дојдете да си поминеме убаво!</p>','<p>Како секоја принцеза, така и јас сонував за принцот на бел коњ. Но, за кратко време сфатив дека реалноста е многу поубава од секоја бајка, од секој коњ, од секој сон... Наместо да се плашам од иднината, решив после една година да влезам во една друга реалност која ме научи на мир, среќа и на решителност. Заедно со Мартин постигнавме многу за кратко време и едвај чекам да видам што можеме да направиме понатаму. Но, без Вашата поддршка, љубов и грижа, никогаш немаше да бидеме тука.</p>','<p>Со огромна чест и задоволство Ве покануваме заедно да ја прославиме една од нашите најважни вечери во животот. Од Вас очекуваме да донесете само позитивна енергија и удобни чевли за играње. Се гледаме!</p>','template_a','marta-martin','1707823849.boyfriend.jpeg','1707823847.girlfriend.jpeg','1707823852.Tips-to-Improve-Your-Relationship.jpg','2024-05-18 00:00:00',13,'2024-02-13 11:30:56','2024-02-13 11:31:23',15,'<p>Доста време ерген одев, доста лични моми водев, дојде време да се женам, овој живот да го сменам.</p>','<p>\"We mature in knowledge and wisdom but never leave the playground of our hearts.\"</p>','contact@dragigosti.com',NULL,NULL,'a25d2069344473802ac49178d8f09ccf',NULL,NULL),(67,'Бобан','Марта','<p>На секој човек му е потребен животен сопатник, многу љубов и разбирање.</p><p>Ако сонцето ја има месечината, денот ја има ноќта, планината го има морето, животот ја има смртта, длабочината ја има висината, галамата ја има тишината, среќата ја има тагата, доброто го има злото - јас ја имам Марта . Таа е с&egrave; што недостасуваше во мојот живот, а заедно сме енергијата, земјата, водата, воздухот и огнот. Ви благодарам што сте дел од нашиот живот.</p><p>Дојдете да си поминеме убаво!</p>','<p>Како секоја принцеза, така и јас сонував за принцот на бел коњ. Но, за кратко време сфатив дека реалноста е многу поубава од секоја бајка, од секој коњ, од секој сон... Наместо да се плашам од иднината, решив после една година да влезам во една друга реалност која ме научи на мир, среќа и на решителност. Заедно со Бобан постигнавме многу за кратко време и едвај чекам да видам што можеме да направиме понатаму. Но, без Вашата поддршка, љубов и грижа, никогаш немаше да бидеме тука.</p>','Со огромна чест и задоволство Ве покануваме заедно да ја прославиме една од нашите најважни вечери во животот. Од Вас очекуваме да донесете само позитивна енергија и удобни чевли за играње. Се гледаме!','template_a','marta-boban','1707850177.boyfriend.jpeg','1707850176.girlfriend.jpeg','1707850180.Tips-to-Improve-Your-Relationship.jpg','2024-04-20',NULL,'2024-02-13 18:49:49','2024-02-13 18:50:37',15,'<p>Доста време ерген одев, доста лични моми водев, дојде време да се женам, овој живот да го сменам.</p>','<p>\"We mature in knowledge and wisdom but never leave the playground of our hearts.\"</p>','contact@dragigosti.com',41.9997629000,21.3890689000,'a25d2069344473802ac49178d8f09ccf',NULL,NULL),(68,'Петар ','Марија','<p>На секој човек му е потребен животен сопатник, многу љубов и разбирање.</p>\n<p>Ако сонцето ја има месечината, денот ја има ноќта, планината го има морето, животот ја има смртта, длабочината ја има висината, галамата ја има тишината, среќата ја има тагата, доброто го има злото - јас ја имам Марија . Таа е сè што недостасуваше во мојот живот, а заедно сме енергијата, земјата, водата, воздухот и огнот. Ви благодарам што сте дел од нашиот живот.</p>\n<p>Дојдете да си поминеме убаво!</p>','<p>Како секоја принцеза, така и јас сонував за принцот на бел коњ. Но, за кратко време сфатив дека реалноста е многу поубава од секоја бајка, од секој коњ, од секој сон... Наместо да се плашам од иднината, решив после една година да влезам во една друга реалност која ме научи на мир, среќа и на решителност. Заедно со Петар постигнавме многу за кратко време и едвај чекам да видам што можеме да направиме понатаму. Но, без Вашата поддршка, љубов и грижа, никогаш немаше да бидеме тука.</p>','<p>Со огромна чест и задоволство Ве покануваме заедно да ја прославиме една од нашите најважни вечери во животот. Од Вас очекуваме да донесете само позитивна енергија и удобни чевли за играње. Се гледаме!</p>','template_a','marija-petar','1707908870.boyfriend.jpeg','1707908867.girlfriend.jpeg','1707908873.Tips-to-Improve-Your-Relationship.jpg','2024-05-18',NULL,'2024-02-14 11:08:08','2024-02-14 11:10:26',15,'<p>Доста време ерген одев, доста лични моми водев, дојде време да се женам, овој живот да го сменам.</p>','<p>\"We mature in knowledge and wisdom but never leave the playground of our hearts.\"</p>','contact@dragigosti.com',42.0107872000,21.4055954000,'a25d2069344473802ac49178d8f09ccf',NULL,NULL),(70,'Џими','Ивана','<p>На секој човек му е потребен животен сопатник, многу љубов и разбирање.</p>\n<p>Ако сонцето ја има месечината, денот ја има ноќта, планината го има морето, животот ја има смртта, длабочината ја има висината, галамата ја има тишината, среќата ја има тагата, доброто го има злото - јас ја имам Ивана . Таа е сè што недостасуваше во мојот живот, а заедно сме енергијата, земјата, водата, воздухот и огнот. Ви благодарам што сте дел од нашиот живот.</p>\n<p>Дојдете да си поминеме убаво!</p>','<p>Како секоја принцеза, така и јас сонував за принцот на бел коњ. Но, за кратко време сфатив дека реалноста е многу поубава од секоја бајка, од секој коњ, од секој сон... Наместо да се плашам од иднината, решив после една година да влезам во една друга реалност која ме научи на мир, среќа и на решителност. Заедно со Џими постигнавме многу за кратко време и едвај чекам да видам што можеме да направиме понатаму. Но, без Вашата поддршка, љубов и грижа, никогаш немаше да бидеме тука.</p>','Со огромна чест и задоволство Ве покануваме заедно да ја прославиме една од нашите најважни вечери во животот. Од Вас очекуваме да донесете само позитивна енергија и удобни чевли за играње. Се гледаме!','template_a','ivana-djimi','1707926631.SUITSA-119_1_large.jpg','1707926626.romance_in_grass__869x576.jpeg','1707926637.romance_in_grass__869x576.jpeg','2024-07-13',NULL,'2024-02-14 16:04:05','2024-02-14 16:04:05',NULL,'<p>Доста време ерген одев, доста лични моми водев, дојде време да се женам, овој живот да го сменам.</p>','<p>\"We mature in knowledge and wisdom but never leave the playground of our hearts.\"</p>','dimitar@gmail',NULL,NULL,'f71ee457911991beb58fdeb75a839a3c',NULL,NULL),(71,'Џими','Ивана','<p>На секој човек му е потребен животен сопатник, многу љубов и разбирање.</p>\n<p>Ако сонцето ја има месечината, денот ја има ноќта, планината го има морето, животот ја има смртта, длабочината ја има висината, галамата ја има тишината, среќата ја има тагата, доброто го има злото - јас ја имам Ивана . Таа е сè што недостасуваше во мојот живот, а заедно сме енергијата, земјата, водата, воздухот и огнот. Ви благодарам што сте дел од нашиот живот.</p>\n<p>Дојдете да си поминеме убаво!</p>','<p>Како секоја принцеза, така и јас сонував за принцот на бел коњ. Но, за кратко време сфатив дека реалноста е многу поубава од секоја бајка, од секој коњ, од секој сон... Наместо да се плашам од иднината, решив после една година да влезам во една друга реалност која ме научи на мир, среќа и на решителност. Заедно со Џими постигнавме многу за кратко време и едвај чекам да видам што можеме да направиме понатаму. Но, без Вашата поддршка, љубов и грижа, никогаш немаше да бидеме тука.</p>','Со огромна чест и задоволство Ве покануваме заедно да ја прославиме една од нашите најважни вечери во животот. Од Вас очекуваме да донесете само позитивна енергија и удобни чевли за играње. Се гледаме!','template_a','ivana-djimi1','1707926743.SUITSA-119_1_large.jpg','1707926735.dipak_studios.jpg','1707926749.romance_in_grass__869x576.jpeg','2024-07-13',NULL,'2024-02-14 16:05:53','2024-02-14 16:06:39',NULL,'<p>Доста време ерген одев, доста лични моми водев, дојде време да се женам, овој живот да го сменам.</p>','<p>\"We mature in knowledge and wisdom but never leave the playground of our hearts.\"</p>','dimitar@gmail',42.0083865000,21.3939508000,'f71ee457911991beb58fdeb75a839a3c',NULL,NULL),(72,'Мартин','Весна','<p>На секој човек му е потребен животен сопатник, многу љубов и разбирање.</p>\n\n<p>Ако сонцето ја има месечината, денот ја има ноќта, планината го има морето, животот ја има смртта, длабочината ја има висината, галамата ја има тишината, среќата ја има тагата, доброто го има злото - јас ја имам Весна . Таа е с&egrave; што недостасуваше во мојот живот, а заедно сме енергијата, земјата, водата, воздухот и огнот. Ви благодарам што сте дел од нашиот живот.</p>\n\n<p>Дојдете да си поминеме убаво!</p>','<p>Како секоја принцеза, така и јас сонував за принцот на бел коњ. Но, за кратко време сфатив дека реалноста е многу поубава од секоја бајка, од секој коњ, од секој сон... Наместо да се плашам од иднината, решив после една година да влезам во една друга реалност која ме научи на мир, среќа и на решителност. Заедно со Мартин постигнавме многу за кратко време и едвај чекам да видам што можеме да направиме понатаму. Но, без Вашата поддршка, љубов и грижа, никогаш немаше да бидеме тука.</p>','Со огромна чест и задоволство Ве покануваме заедно да ја прославиме една од нашите најважни вечери во животот. Од Вас очекуваме да донесете само позитивна енергија и удобни чевли за играње. Се гледаме!','template_a','vesna-martin','1707998526.boyfriend.jpeg','1707998524.girlfriend.jpeg','1707998528.Tips-to-Improve-Your-Relationship.jpg','2024-05-31 00:00:00',13,'2024-02-15 12:02:11','2024-02-15 12:02:37',7,'<p>Доста време ерген одев, доста лични моми водев, дојде време да се женам, овој живот да го сменам.</p>','<p>\"We mature in knowledge and wisdom but never leave the playground of our hearts.\"</p>','martin@myhost.mk',NULL,NULL,'9c36c7abf39246d6a378229bd8b758ec',NULL,NULL),(73,'Филип','Сања','<p>На секој човек му е потребен животен сопатник, многу љубов и разбирање.</p>\n<p>Ако сонцето ја има месечината, денот ја има ноќта, планината го има морето, животот ја има смртта, длабочината ја има висината, галамата ја има тишината, среќата ја има тагата, доброто го има злото - јас ја имам Сања . Таа е сè што недостасуваше во мојот живот, а заедно сме енергијата, земјата, водата, воздухот и огнот. Ви благодарам што сте дел од нашиот живот.</p>\n<p>Дојдете да си поминеме убаво!</p>','<p>Како секоја принцеза, така и јас сонував за принцот на бел коњ. Но, за кратко време сфатив дека реалноста е многу поубава од секоја бајка, од секој коњ, од секој сон... Наместо да се плашам од иднината, решив после една година да влезам во една друга реалност која ме научи на мир, среќа и на решителност. Заедно со Филип постигнавме многу за кратко време и едвај чекам да видам што можеме да направиме понатаму. Но, без Вашата поддршка, љубов и грижа, никогаш немаше да бидеме тука.</p>','<p>Со огромна чест и задоволство Ве покануваме заедно да ја прославиме една од нашите најважни вечери во животот. Од Вас очекуваме да донесете само позитивна енергија и удобни чевли за играње. Се гледаме!</p>','template_a','sanja-filip','1708089701.boyfriend.jpeg','1708089699.girlfriend.jpeg','1708089704.Tips-to-Improve-Your-Relationship.jpg','2024-05-05',13,'2024-02-16 13:21:59','2024-02-16 13:23:00',15,'<p>Доста време ерген одев, доста лични моми водев, дојде време да се женам, овој живот да го сменам.</p>','<p>\"We mature in knowledge and wisdom but never leave the playground of our hearts.\"</p>','contact@dragigosti.com',NULL,NULL,'a25d2069344473802ac49178d8f09ccf',NULL,NULL),(74,'Јордан','Бубе','<p>На секој човек му е потребен животен сопатник, многу љубов и разбирање.</p>\n<p>Ако сонцето ја има месечината, денот ја има ноќта, планината го има морето, животот ја има смртта, длабочината ја има висината, галамата ја има тишината, среќата ја има тагата, доброто го има злото - јас ја имам Бубе . Таа е сè што недостасуваше во мојот живот, а заедно сме енергијата, земјата, водата, воздухот и огнот. Ви благодарам што сте дел од нашиот живот.</p>\n<p>Дојдете да си поминеме убаво!</p>','<p>Како секоја принцеза, така и јас сонував за принцот на бел коњ. Но, за кратко време сфатив дека реалноста е многу поубава од секоја бајка, од секој коњ, од секој сон... Наместо да се плашам од иднината, решив после една година да влезам во една друга реалност која ме научи на мир, среќа и на решителност. Заедно со Јордан постигнавме многу за кратко време и едвај чекам да видам што можеме да направиме понатаму. Но, без Вашата поддршка, љубов и грижа, никогаш немаше да бидеме тука.</p>','Со огромна чест и задоволство Ве покануваме заедно да ја прославиме една од нашите најважни вечери во животот. Од Вас очекуваме да донесете само позитивна енергија и удобни чевли за играње. Се гледаме!','template_a','bube-jordan','1708124239.520178.webp','1708124228.500x500.jpg','1708124251.image-w1280.webp','2024-07-19',NULL,'2024-02-16 22:57:36','2024-02-16 22:58:56',NULL,'<p>Доста време ерген одев, доста лични моми водев, дојде време да се женам, овој живот да го сменам.</p>','<p>\"We mature in knowledge and wisdom but never leave the playground of our hearts.\"</p>','bube@joco',42.0077507000,21.4902834000,'1b7cd7e94acddb9ff13fdd0cc4523a0e',NULL,NULL),(77,'Трајко','Трајана','<p>На секој човек му е потребен животен сопатник, многу љубов и разбирање.</p>\n<p>Ако сонцето ја има месечината, денот ја има ноќта, планината го има морето, животот ја има смртта, длабочината ја има висината, галамата ја има тишината, среќата ја има тагата, доброто го има злото - јас ја имам Трајана . Таа е сè што недостасуваше во мојот живот, а заедно сме енергијата, земјата, водата, воздухот и огнот. Ви благодарам што сте дел од нашиот живот.</p>\n<p>Дојдете да си поминеме убаво!</p>','<p>Како секоја принцеза, така и јас сонував за принцот на бел коњ. Но, за кратко време сфатив дека реалноста е многу поубава од секоја бајка, од секој коњ, од секој сон... Наместо да се плашам од иднината, решив после една година да влезам во една друга реалност која ме научи на мир, среќа и на решителност. Заедно со Трајко постигнавме многу за кратко време и едвај чекам да видам што можеме да направиме понатаму. Но, без Вашата поддршка, љубов и грижа, никогаш немаше да бидеме тука.</p>','Со огромна чест и задоволство Ве покануваме заедно да ја прославиме една од нашите најважни вечери во животот. Од Вас очекуваме да донесете само позитивна енергија и удобни чевли за играње. Се гледаме!','template_a','trajana-trajko','1708792618.personal-groom-style-recirc-Beyond-Jade-512bda3d606f4c4681431ff21778cbd9.jpg','1708792615.61bb51b7-ee22-496e-8643-53fd5806deeb-682x1024.jpg','1708792620.33814_05-eb9a2e4cc91544c5b78cc623c3c56222.jpg','2024-02-25',2,'2024-02-24 16:37:08','2024-02-24 16:38:04',23,'<p>Доста време ерген одев, доста лични моми водев, дојде време да се женам, овој живот да го сменам.</p>','<p>\"We mature in knowledge and wisdom but never leave the playground of our hearts.\"</p>','despotovskiviktor1@gmail.com',NULL,NULL,'bb98c87af619649f474aef8589a9b38a',NULL,NULL),(78,'Младоженецот','Невестата','<p>На секој човек му е потребен животен сопатник, многу љубов и разбирање.</p>\n<p>Ако сонцето ја има месечината, денот ја има ноќта, планината го има морето, животот ја има смртта, длабочината ја има висината, галамата ја има тишината, среќата ја има тагата, доброто го има злото - јас ја имам Невестата . Таа е сè што недостасуваше во мојот живот, а заедно сме енергијата, земјата, водата, воздухот и огнот. Ви благодарам што сте дел од нашиот живот.</p>\n<p>Дојдете да си поминеме убаво!</p>','<p>Како секоја принцеза, така и јас сонував за принцот на бел коњ. Но, за кратко време сфатив дека реалноста е многу поубава од секоја бајка, од секој коњ, од секој сон... Наместо да се плашам од иднината, решив после една година да влезам во една друга реалност која ме научи на мир, среќа и на решителност. Заедно со Младоженецот постигнавме многу за кратко време и едвај чекам да видам што можеме да направиме понатаму. Но, без Вашата поддршка, љубов и грижа, никогаш немаше да бидеме тука.</p>','Со огромна чест и задоволство Ве покануваме заедно да ја прославиме една од нашите најважни вечери во животот. Од Вас очекуваме да донесете само позитивна енергија и удобни чевли за играње. Се гледаме!','template_a','nevestata-mladozenecot','1709161545.IMG-4f5725f8f956695388f8b4ba682e7a30-V.jpg','1709161621.456.jpg','1709161634.fifty-dollars-banknote-hand-cash-money-to-spend-right-now-economic-crisis-as-consequences-quarantine-government-help-185711355.jpg','2025-02-28',3,'2024-02-28 23:07:27','2024-02-28 23:08:10',NULL,'<p>Доста време ерген одев, доста лични моми водев, дојде време да се женам, овој живот да го сменам.</p>','<p>\"We mature in knowledge and wisdom but never leave the playground of our hearts.\"</p>','jovancevski.g@gmail.com',NULL,NULL,'578e93edc32ff18e0630bdbf6207ca58',NULL,NULL),(79,'Младен','Бисера','<p>На секој човек му е потребен животен сопатник, многу љубов и разбирање.</p>\n<p>Ако сонцето ја има месечината, денот ја има ноќта, планината го има морето, животот ја има смртта, длабочината ја има висината, галамата ја има тишината, среќата ја има тагата, доброто го има злото - јас ја имам Бисера . Таа е сè што недостасуваше во мојот живот, а заедно сме енергијата, земјата, водата, воздухот и огнот. Ви благодарам што сте дел од нашиот живот.</p>\n<p>Дојдете да си поминеме убаво!</p>','<p>Како секоја принцеза, така и јас сонував за принцот на бел коњ. Но, за кратко време сфатив дека реалноста е многу поубава од секоја бајка, од секој коњ, од секој сон... Наместо да се плашам од иднината, решив после една година да влезам во една друга реалност која ме научи на мир, среќа и на решителност. Заедно со Младен постигнавме многу за кратко време и едвај чекам да видам што можеме да направиме понатаму. Но, без Вашата поддршка, љубов и грижа, никогаш немаше да бидеме тука.</p>','Со огромна чест и задоволство Ве покануваме заедно да ја прославиме една од нашите најважни вечери во животот. Од Вас очекуваме да донесете само позитивна енергија и удобни чевли за играње. Се гледаме!','template_a','bisera-mladen','1709628457.boyfriend.jpeg','1709628454.girlfriend.jpeg','1709628461.Tips-to-Improve-Your-Relationship.jpg','2024-06-01',NULL,'2024-03-05 08:47:44','2024-03-05 08:47:59',1,'<p>Доста време ерген одев, доста лични моми водев, дојде време да се женам, овој живот да го сменам.</p>','<p>\"We mature in knowledge and wisdom but never leave the playground of our hearts.\"</p>','martin@pingdevs.com',41.9812095000,21.3793409000,'6b02c2293ec1a9675c47bd87403ac653',NULL,NULL),(80,'Младен','Марија','<p>На секој човек му е потребен животен сопатник, многу љубов и разбирање.</p>\n\n<p>Ако сонцето ја има месечината, денот ја има ноќта, планината го има морето, животот ја има смртта, длабочината ја има висината, галамата ја има тишината, среќата ја има тагата, доброто го има злото - јас ја имам Марија . Таа е с&egrave; што недостасуваше во мојот живот, а заедно сме енергијата, земјата, водата, воздухот и огнот. Ви благодарам што сте дел од нашиот живот.</p>\n\n<p>Дојдете да си поминеме убаво!</p>','<p>Како секоја принцеза, така и јас сонував за принцот на бел коњ. Но, за кратко време сфатив дека реалноста е многу поубава од секоја бајка, од секој коњ, од секој сон... Наместо да се плашам од иднината, решив после една година да влезам во една друга реалност која ме научи на мир, среќа и на решителност. Заедно со Младен постигнавме многу за кратко време и едвај чекам да видам што можеме да направиме понатаму. Но, без Вашата поддршка, љубов и грижа, никогаш немаше да бидеме тука.</p>','<p>Со огромна чест и задоволство Ве покануваме заедно да ја прославиме една од нашите најважни вечери во животот. Од Вас очекуваме да донесете само позитивна енергија и удобни чевли за играње. Се гледаме!</p>','template_a','marija-mladen','1709638722.boyfriend.jpeg','1709638720.girlfriend.jpeg','1709638725.Tips-to-Improve-Your-Relationship.jpg','2024-05-01',NULL,'2024-03-05 11:38:51','2024-03-05 11:39:35',1,'<p>Доста време ерген одев, доста лични моми водев, дојде време да се женам, овој живот да го сменам.</p>','<p>\"We mature in knowledge and wisdom but never leave the playground of our hearts.\"</p>','martin@pingdevs.com',41.9812095000,21.3793409000,'6b02c2293ec1a9675c47bd87403ac653',NULL,NULL),(81,'Столе','Петранка','<p>На секој човек му е потребен животен сопатник, многу љубов и разбирање.</p>\n<p>Ако сонцето ја има месечината, денот ја има ноќта, планината го има морето, животот ја има смртта, длабочината ја има висината, галамата ја има тишината, среќата ја има тагата, доброто го има злото - јас ја имам Петранка . Таа е сè што недостасуваше во мојот живот, а заедно сме енергијата, земјата, водата, воздухот и огнот. Ви благодарам што сте дел од нашиот живот.</p>\n<p>Дојдете да си поминеме убаво!</p>','<p>Како секоја принцеза, така и јас сонував за принцот на бел коњ. Но, за кратко време сфатив дека реалноста е многу поубава од секоја бајка, од секој коњ, од секој сон... Наместо да се плашам од иднината, решив после една година да влезам во една друга реалност која ме научи на мир, среќа и на решителност. Заедно со Столе постигнавме многу за кратко време и едвај чекам да видам што можеме да направиме понатаму. Но, без Вашата поддршка, љубов и грижа, никогаш немаше да бидеме тука.</p>','Со огромна чест и задоволство Ве покануваме заедно да ја прославиме една од нашите најважни вечери во животот. Од Вас очекуваме да донесете само позитивна енергија и удобни чевли за играње. Се гледаме!','template_a','petranka-stole','1710333803.groom.jpg','1710333796.Bride.jpg','1710333807.together','2024-03-28',NULL,'2024-03-13 12:43:42','2024-03-13 12:43:42',NULL,'<p>Доста време ерген одев, доста лични моми водев, дојде време да се женам, овој живот да го сменам.</p>','<p>\"We mature in knowledge and wisdom but never leave the playground of our hearts.\"</p>','petranka@aol.com',NULL,NULL,'2947d679340800e29d03bb2c00d1510c',NULL,NULL),(84,'Столе','Петранка','<p>На секој човек му е потребен животен сопатник, многу љубов и разбирање.</p>\n<p>Ако сонцето ја има месечината, денот ја има ноќта, планината го има морето, животот ја има смртта, длабочината ја има висината, галамата ја има тишината, среќата ја има тагата, доброто го има злото - јас ја имам Петранка . Таа е сè што недостасуваше во мојот живот, а заедно сме енергијата, земјата, водата, воздухот и огнот. Ви благодарам што сте дел од нашиот живот.</p>\n<p>Дојдете да си поминеме убаво!</p>','<p>Како секоја принцеза, така и јас сонував за принцот на бел коњ. Но, за кратко време сфатив дека реалноста е многу поубава од секоја бајка, од секој коњ, од секој сон... Наместо да се плашам од иднината, решив после една година да влезам во една друга реалност која ме научи на мир, среќа и на решителност. Заедно со Столе постигнавме многу за кратко време и едвај чекам да видам што можеме да направиме понатаму. Но, без Вашата поддршка, љубов и грижа, никогаш немаше да бидеме тука.</p>','Со огромна чест и задоволство Ве покануваме заедно да ја прославиме една од нашите најважни вечери во животот. Од Вас очекуваме да донесете само позитивна енергија и удобни чевли за играње. Се гледаме!','template_a','petranka-stole1','1710333900.groom.jpg','1710333893.Bride.jpg','1710333908.Bride.jpg','2024-03-27',NULL,'2024-03-13 12:45:12','2024-03-13 12:46:29',NULL,'<p>Доста време ерген одев, доста лични моми водев, дојде време да се женам, овој живот да го сменам.</p>','<p>\"We mature in knowledge and wisdom but never leave the playground of our hearts.\"</p>','petranka@aol.com',42.0107872000,21.4055954000,'2947d679340800e29d03bb2c00d1510c',NULL,NULL),(85,'Драган','Драгана','<p>На секој човек му е потребен животен сопатник, многу љубов и разбирање.</p>\n<p>Ако сонцето ја има месечината, денот ја има ноќта, планината го има морето, животот ја има смртта, длабочината ја има висината, галамата ја има тишината, среќата ја има тагата, доброто го има злото - јас ја имам Драгана . Таа е сè што недостасуваше во мојот живот, а заедно сме енергијата, земјата, водата, воздухот и огнот. Ви благодарам што сте дел од нашиот живот.</p>\n<p>Дојдете да си поминеме убаво!</p>','<p>Како секоја принцеза, така и јас сонував за принцот на бел коњ. Но, за кратко време сфатив дека реалноста е многу поубава од секоја бајка, од секој коњ, од секој сон... Наместо да се плашам од иднината, решив после една година да влезам во една друга реалност која ме научи на мир, среќа и на решителност. Заедно со Драган постигнавме многу за кратко време и едвај чекам да видам што можеме да направиме понатаму. Но, без Вашата поддршка, љубов и грижа, никогаш немаше да бидеме тука.</p>','Со огромна чест и задоволство Ве покануваме заедно да ја прославиме една од нашите најважни вечери во животот. Од Вас очекуваме да донесете само позитивна енергија и удобни чевли за играње. Се гледаме!','template_a','dragana-dragan','1710346169.01.jpg','1710346148.02.jpg','1710346190.03.jpg','2024-05-25 00:00:00',2,'2024-03-13 16:10:01','2024-03-13 16:10:57',32,'<p>Доста време ерген одев, доста лични моми водев, дојде време да се женам, овој живот да го сменам.</p>','<p>\"We mature in knowledge and wisdom but never leave the playground of our hearts.\"</p>','showtimepanajoti@gmail.com',NULL,NULL,'e47c1cc2258cf40efecf47464a18f394',NULL,NULL),(86,'Мартин','Тилиа','<p>На секој човек му е потребен животен сопатник, многу љубов и разбирање.</p>\n<p>Ако сонцето ја има месечината, денот ја има ноќта, планината го има морето, животот ја има смртта, длабочината ја има висината, галамата ја има тишината, среќата ја има тагата, доброто го има злото - јас ја имам Тилиа . Таа е сè што недостасуваше во мојот живот, а заедно сме енергијата, земјата, водата, воздухот и огнот. Ви благодарам што сте дел од нашиот живот.</p>\n<p>Дојдете да си поминеме убаво!</p>','<p>Како секоја принцеза, така и јас сонував за принцот на бел коњ. Но, за кратко време сфатив дека реалноста е многу поубава од секоја бајка, од секој коњ, од секој сон... Наместо да се плашам од иднината, решив после една година да влезам во една друга реалност која ме научи на мир, среќа и на решителност. Заедно со Мартин постигнавме многу за кратко време и едвај чекам да видам што можеме да направиме понатаму. Но, без Вашата поддршка, љубов и грижа, никогаш немаше да бидеме тука.</p>','<p>Со огромна чест и задоволство Ве покануваме заедно да ја прославиме една од нашите најважни вечери во животот. Од Вас очекуваме да донесете само позитивна енергија и удобни чевли за играње. Се гледаме!</p>','template_a','tilia-martin','1710417760.boyfriend.jpeg','1710417757.girlfriend.jpeg','1710417765.Tips-to-Improve-Your-Relationship.jpg','2024-05-24 00:00:00',NULL,'2024-03-14 12:02:49','2024-03-14 12:03:16',1,'<p>Доста време ерген одев, доста лични моми водев, дојде време да се женам, овој живот да го сменам.</p>','<p>\"We mature in knowledge and wisdom but never leave the playground of our hearts.\"</p>','martin@pingdevs.com',41.9674088000,21.4697941000,'6b02c2293ec1a9675c47bd87403ac653',NULL,NULL),(87,'Роко','Ивана','<p>На секој човек му е потребен животен сопатник, многу љубов и разбирање.</p>\n<p>Ако сонцето ја има месечината, денот ја има ноќта, планината го има морето, животот ја има смртта, длабочината ја има висината, галамата ја има тишината, среќата ја има тагата, доброто го има злото - јас ја имам Ивана . Таа е сè што недостасуваше во мојот живот, а заедно сме енергијата, земјата, водата, воздухот и огнот. Ви благодарам што сте дел од нашиот живот.</p>\n<p>Дојдете да си поминеме убаво!</p>','<p>Како секоја принцеза, така и јас сонував за принцот на бел коњ. Но, за кратко време сфатив дека реалноста е многу поубава од секоја бајка, од секој коњ, од секој сон... Наместо да се плашам од иднината, решив после една година да влезам во една друга реалност која ме научи на мир, среќа и на решителност. Заедно со Роко постигнавме многу за кратко време и едвај чекам да видам што можеме да направиме понатаму. Но, без Вашата поддршка, љубов и грижа, никогаш немаше да бидеме тука.</p>','Со огромна чест и задоволство Ве покануваме заедно да ја прославиме една од нашите најважни вечери во животот. Од Вас очекуваме да донесете само позитивна енергија и удобни чевли за играње. Се гледаме!','template_a','ivana-roko','1710892262.5df779f991cf99e6610bf01a9d93d70d5861282e-org.png','1710892251.images (17).jpeg','1710892266.istockphoto-1368004438-612x612.jpg','2024-06-22',NULL,'2024-03-19 23:51:31','2024-03-19 23:51:31',NULL,'<p>Доста време ерген одев, доста лични моми водев, дојде време да се женам, овој живот да го сменам.</p>','<p>\"We mature in knowledge and wisdom but never leave the playground of our hearts.\"</p>','dimovski396@gmail.com',NULL,NULL,'82b89ebcef2af1ba4b94208839eb267d',NULL,NULL),(88,'Роко','Ивана','<p>На секој човек му е потребен животен сопатник, многу љубов и разбирање.</p>\n<p>Ако сонцето ја има месечината, денот ја има ноќта, планината го има морето, животот ја има смртта, длабочината ја има висината, галамата ја има тишината, среќата ја има тагата, доброто го има злото - јас ја имам Ивана . Таа е сè што недостасуваше во мојот живот, а заедно сме енергијата, земјата, водата, воздухот и огнот. Ви благодарам што сте дел од нашиот живот.</p>\n<p>Дојдете да си поминеме убаво!</p>','<p>Како секоја принцеза, така и јас сонував за принцот на бел коњ. Но, за кратко време сфатив дека реалноста е многу поубава од секоја бајка, од секој коњ, од секој сон... Наместо да се плашам од иднината, решив после една година да влезам во една друга реалност која ме научи на мир, среќа и на решителност. Заедно со Роко постигнавме многу за кратко време и едвај чекам да видам што можеме да направиме понатаму. Но, без Вашата поддршка, љубов и грижа, никогаш немаше да бидеме тука.</p>','Со огромна чест и задоволство Ве покануваме заедно да ја прославиме една од нашите најважни вечери во животот. Од Вас очекуваме да донесете само позитивна енергија и удобни чевли за играње. Се гледаме!','template_a','ivana-roko1','1710892410.5df779f991cf99e6610bf01a9d93d70d5861282e-org.png','1710892403.images (17).jpeg','1710892413.istockphoto-1368004438-612x612.jpg','2024-06-22',13,'2024-03-19 23:53:36','2024-03-19 23:53:59',NULL,'<p>Доста време ерген одев, доста лични моми водев, дојде време да се женам, овој живот да го сменам.</p>','<p>\"We mature in knowledge and wisdom but never leave the playground of our hearts.\"</p>','dimovski396@gmail.com',NULL,NULL,'82b89ebcef2af1ba4b94208839eb267d',NULL,NULL),(89,'младен','невена','<p>На секој човек му е потребен животен сопатник, многу љубов и разбирање.</p>\n<p>Ако сонцето ја има месечината, денот ја има ноќта, планината го има морето, животот ја има смртта, длабочината ја има висината, галамата ја има тишината, среќата ја има тагата, доброто го има злото - јас ја имам невена . Таа е сè што недостасуваше во мојот живот, а заедно сме енергијата, земјата, водата, воздухот и огнот. Ви благодарам што сте дел од нашиот живот.</p>\n<p>Дојдете да си поминеме убаво!</p>','<p>Како секоја принцеза, така и јас сонував за принцот на бел коњ. Но, за кратко време сфатив дека реалноста е многу поубава од секоја бајка, од секој коњ, од секој сон... Наместо да се плашам од иднината, решив после една година да влезам во една друга реалност која ме научи на мир, среќа и на решителност. Заедно со младен постигнавме многу за кратко време и едвај чекам да видам што можеме да направиме понатаму. Но, без Вашата поддршка, љубов и грижа, никогаш немаше да бидеме тука.</p>','Со огромна чест и задоволство Ве покануваме заедно да ја прославиме една од нашите најважни вечери во животот. Од Вас очекуваме да донесете само позитивна енергија и удобни чевли за играње. Се гледаме!','template_a','nevena-mladen','1710935265.boyfriend.jpeg','1710935263.girlfriend.jpeg','1710935268.Tips-to-Improve-Your-Relationship.jpg','2024-04-20',16,'2024-03-20 11:47:56','2024-03-20 11:48:21',15,'<p>Доста време ерген одев, доста лични моми водев, дојде време да се женам, овој живот да го сменам.</p>','<p>\"We mature in knowledge and wisdom but never leave the playground of our hearts.\"</p>','contact@dragigosti.com',NULL,NULL,'a25d2069344473802ac49178d8f09ccf',NULL,NULL),(91,'Станко','Петкана','<p>На секој човек му е потребен животен сопатник, многу љубов и разбирање.</p>\n\n<p>Ако сонцето ја има месечината, денот ја има ноќта, планината го има морето, животот ја има смртта, длабочината ја има висината, галамата ја има тишината, среќата ја има тагата, доброто го има злото - јас ја имам Петкана . Таа е с&egrave; што недостасуваше во мојот живот, а заедно сме енергијата, земјата, водата, воздухот и огнот. Ви благодарам што сте дел од нашиот живот.</p>\n\n<p>Дојдете да си поминеме убаво!</p>','<p>Како секоја принцеза, така и јас сонував за принцот на бел коњ. Но, за кратко време сфатив дека реалноста е многу поубава од секоја бајка, од секој коњ, од секој сон... Наместо да се плашам од иднината, решив после една година да влезам во една друга реалност која ме научи на мир, среќа и на решителност. Заедно со Станко постигнавме многу за кратко време и едвај чекам да видам што можеме да направиме понатаму. Но, без Вашата поддршка, љубов и грижа, никогаш немаше да бидеме тука.</p>','<p>Со огромна чест и задоволство Ве покануваме заедно да ја прославиме една од нашите најважни вечери во животот. Од Вас очекуваме да донесете само позитивна енергија и удобни чевли за играње. Се гледаме!</p>','template_a','petkana-stanko','1711461809.DAY 3 - MARKO EDGE 138.jpeg','1711461805.IMG_2699.JPG','1711461823.IMG_9120.JPG','2024-08-25',NULL,'2024-03-26 14:04:19','2024-03-26 14:04:49',NULL,'<p>Доста време ерген одев, доста лични моми водев, дојде време да се женам, овој живот да го сменам.</p>','<p>\"We mature in knowledge and wisdom but never leave the playground of our hearts.\"</p>','DzuroDrzakovic@gmail.com',NULL,NULL,'ed6f215ba63382870dbc7f20ad8eef8f',NULL,NULL),(94,NULL,NULL,NULL,NULL,'<p><strong>Lorem Ipsum</strong>&nbsp;is simply dummy text of the printing and typesetting industry. Lorem Ipsum has been the industry&#39;s standard dummy text ever since the 1500s, when an unknown printer took a galley of type and scrambled it to make a type specimen book. It has survived not only five centuries, but also the leap into electronic typesetting, remaining essentially unchanged. It was popularised in the 1960s with the release of Letraset sheets containing Lorem Ipsum passages, and more recently with desktop publishing software like Aldus PageMaker including versions of Lorem Ipsum.</p>','birthday','martin',NULL,NULL,'1712927737.IMG_9175.JPG','2024-09-30',NULL,'2024-04-12 12:15:44','2024-04-12 12:15:44',1,NULL,NULL,'martin@pingdevs.com',41.9991801000,21.3880131000,NULL,'Martin','40'),(96,NULL,NULL,NULL,NULL,'<p>Здраво Другарчињааа!!!</p>','birthday','tiggaz',NULL,NULL,'1712930203.IMG_9177.jpeg','2024-09-30',NULL,'2024-04-12 12:57:01','2024-04-12 12:57:01',1,NULL,NULL,'martin@pingdevs.com',41.9992050000,21.3879828000,NULL,'Martin','40'),(108,NULL,NULL,NULL,NULL,'<p style=\"text-align:center\"><strong><span style=\"font-size:18px\">Dance like nobody&#39;s watching!</span></strong></p>\r\n\r\n<p style=\"text-align:center\"><strong><span style=\"font-size:18px\">Saturday, 27 April <span style=\"color:#e74c3c\">(<em>save the date)</em></span></span></strong></p>\r\n\r\n<p style=\"text-align:center\"><strong><span style=\"font-size:18px\"><span style=\"color:#000000\">MTP, 21:00 - 01:00 AM</span></span></strong></p>\r\n\r\n<p style=\"text-align:center\"><strong><span style=\"font-size:18px\"><span style=\"color:#c0392b\">NOT ME TURNING 30!</span></span></strong></p>\r\n\r\n<p style=\"text-align:center\">&nbsp;</p>','birthday','ivana',NULL,NULL,'1713034135.viber_image_2024-04-11_20-05-58-185.jpg','2024-04-27',NULL,'2024-04-13 17:50:52','2024-04-13 17:50:52',47,NULL,NULL,'ifamitrovska@gmail.com',41.9995829000,21.4020934000,NULL,'Ивана','30'),(110,NULL,NULL,NULL,NULL,NULL,'birthday','vanja',NULL,NULL,'1713296083.IMG_20230805_205338.jpg','2024-05-17',NULL,'2024-04-16 18:35:43','2024-04-16 18:35:43',49,NULL,NULL,'aleksandar7jovanov@gmail.com',42.0032506963,21.3911881553,NULL,'Вања','8'),(116,'Чен','Биљана','<p>На секој човек му е потребен животен сопатник, многу љубов и разбирање.</p>\n<p>Ако сонцето ја има месечината, денот ја има ноќта, планината го има морето, животот ја има смртта, длабочината ја има висината, галамата ја има тишината, среќата ја има тагата, доброто го има злото - јас ја имам Биљана . Таа е сè што недостасуваше во мојот живот, а заедно сме енергијата, земјата, водата, воздухот и огнот. Ви благодарам што сте дел од нашиот живот.</p>\n<p>Дојдете да си поминеме убаво!</p>','<p>Како секоја принцеза, така и јас сонував за принцот на бел коњ. Но, за кратко време сфатив дека реалноста е многу поубава од секоја бајка, од секој коњ, од секој сон... Наместо да се плашам од иднината, решив после една година да влезам во една друга реалност која ме научи на мир, среќа и на решителност. Заедно со Чен постигнавме многу за кратко време и едвај чекам да видам што можеме да направиме понатаму. Но, без Вашата поддршка, љубов и грижа, никогаш немаше да бидеме тука.</p>','Со огромна чест и задоволство Ве покануваме заедно да ја прославиме една од нашите најважни вечери во животот. Од Вас очекуваме да донесете само позитивна енергија и удобни чевли за играње. Се гледаме!','template_a','biljana-chen','1713724572.IMG_1813.jpeg','1713724485.IMG_2011.jpeg','1713724649.IMG_1719.jpeg','2024-08-10',NULL,'2024-04-21 17:37:54','2024-04-21 17:43:25',55,'<p>Доста време ерген одев, доста лични моми водев, дојде време да се женам, овој живот да го сменам.</p>','<p>\"We mature in knowledge and wisdom but never leave the playground of our hearts.\"</p>','bil_oh@yahoo.com',NULL,NULL,'21f34c58f7d669d316a3f182a760be1f',NULL,NULL),(118,'Виктор','Трајана','<p>На секој човек му е потребен животен сопатник, многу љубов и разбирање.</p>\n\n<p>Ако сонцето ја има месечината, денот ја има ноќта, планината го има морето, животот ја има смртта, длабочината ја има висината, галамата ја има тишината, среќата ја има тагата, доброто го има злото - јас ја имам Трајана . Таа е с&egrave; што недостасуваше во мојот живот, а заедно сме енергијата, земјата, водата, воздухот и огнот. Ви благодарам што сте дел од нашиот живот.</p>\n\n<p>Дојдете да си поминеме убаво!</p>','<p>Како секоја принцеза, така и јас сонував за принцот на бел коњ. Но, за кратко време сфатив дека реалноста е многу поубава од секоја бајка, од секој коњ, од секој сон... Наместо да се плашам од иднината, решив после една година да влезам во една друга реалност која ме научи на мир, среќа и на решителност. Заедно со Виктор постигнавме многу за кратко време и едвај чекам да видам што можеме да направиме понатаму. Но, без Вашата поддршка, љубов и грижа, никогаш немаше да бидеме тука.</p>','<p>Со огромна чест и задоволство Ве покануваме заедно да ја прославиме една од нашите најважни вечери во животот. Од Вас очекуваме да донесете само позитивна енергија и удобни чевли за играње. Се гледаме!</p>','template_a','trajana-viktor','1714072588.IMG_4297.jpeg','1714072596.IMG_4303.jpeg','1714072600.85F68A4E-C771-4FB7-A8CE-6E1865C2B2DB.jpeg','2024-04-26',NULL,'2024-04-25 18:16:45','2024-04-25 18:17:33',23,'<p>Доста време ерген одев, доста лични моми водев, дојде време да се женам, овој живот да го сменам.</p>','<p>\"We mature in knowledge and wisdom but never leave the playground of our hearts.\"</p>','despotovskiviktor1@gmail.com',NULL,NULL,'bb98c87af619649f474aef8589a9b38a',NULL,NULL),(129,'Марија','Томе','<p>На секој човек му е потребен животен сопатник, многу љубов и разбирање.</p>\n<p>Ако сонцето ја има месечината, денот ја има ноќта, планината го има морето, животот ја има смртта, длабочината ја има висината, галамата ја има тишината, среќата ја има тагата, доброто го има злото - јас ја имам Томе . Таа е сè што недостасуваше во мојот живот, а заедно сме енергијата, земјата, водата, воздухот и огнот. Ви благодарам што сте дел од нашиот живот.</p>\n<p>Дојдете да си поминеме убаво!</p>','<p>Како секоја принцеза, така и јас сонував за принцот на бел коњ. Но, за кратко време сфатив дека реалноста е многу поубава од секоја бајка, од секој коњ, од секој сон... Наместо да се плашам од иднината, решив после една година да влезам во една друга реалност која ме научи на мир, среќа и на решителност. Заедно со Марија постигнавме многу за кратко време и едвај чекам да видам што можеме да направиме понатаму. Но, без Вашата поддршка, љубов и грижа, никогаш немаше да бидеме тука.</p>','Со огромна чест и задоволство Ве покануваме заедно да ја прославиме една од нашите најважни вечери во животот. Од Вас очекуваме да донесете само позитивна енергија и удобни чевли за играње. Се гледаме!','template_a','tome-marija','1714230138.IMG_2999.jpeg','1714230133.IMG_2166.jpeg','1714230160.IMG_2631.png','2024-05-31',22,'2024-04-27 14:02:43','2024-04-27 14:03:23',NULL,'<p>Доста време ерген одев, доста лични моми водев, дојде време да се женам, овој живот да го сменам.</p>','<p>\"We mature in knowledge and wisdom but never leave the playground of our hearts.\"</p>','zlatko.ristevski@gmail.com',NULL,NULL,'5602e6cd7edae3e11b3aafb4fb228b73',NULL,NULL),(130,NULL,NULL,NULL,NULL,'<p>HHhaha</p>','birthday','andrej',NULL,NULL,'1714475908.44BD6BFE-75CD-4FF5-A436-A61FE0371608.jpeg','2024-07-26',NULL,'2024-04-30 10:19:45','2024-04-30 10:19:45',1,NULL,NULL,'martin@pingdevs.com',41.9992050000,21.3879828000,NULL,'Andrej','34'),(131,NULL,NULL,NULL,NULL,'<p>Pokana</p>','birthday','ime',NULL,NULL,'1714834557.bbJgPKt.jpg','2024-05-05',NULL,'2024-05-04 13:56:08','2024-05-04 13:56:08',60,NULL,NULL,'liquid.adrenalyn@gmail.com',41.9981294000,21.4254355000,NULL,'Ime','22'),(132,'Јован','Лозенка','<p>На секој човек му е потребен животен сопатник, многу љубов и разбирање.</p>\n<p>Ако сонцето ја има месечината, денот ја има ноќта, планината го има морето, животот ја има смртта, длабочината ја има висината, галамата ја има тишината, среќата ја има тагата, доброто го има злото - јас ја имам Лозенка . Таа е сè што недостасуваше во мојот живот, а заедно сме енергијата, земјата, водата, воздухот и огнот. Ви благодарам што сте дел од нашиот живот.</p>\n<p>Дојдете да си поминеме убаво!</p>','<p>Како секоја принцеза, така и јас сонував за принцот на бел коњ. Но, за кратко време сфатив дека реалноста е многу поубава од секоја бајка, од секој коњ, од секој сон... Наместо да се плашам од иднината, решив после една година да влезам во една друга реалност која ме научи на мир, среќа и на решителност. Заедно со Јован постигнавме многу за кратко време и едвај чекам да видам што можеме да направиме понатаму. Но, без Вашата поддршка, љубов и грижа, никогаш немаше да бидеме тука.</p>','Со огромна чест и задоволство Ве покануваме заедно да ја прославиме една од нашите најважни вечери во животот. Од Вас очекуваме да донесете само позитивна енергија и удобни чевли за играње. Се гледаме!','template_a','lozenka-jovan','1715100759.IMG_20220715_160939.jpg','1715100655.IMG_6892.HEIC','1715100834.IMG_6707.HEIC','2024-07-06',NULL,'2024-05-07 15:54:01','2024-05-07 15:54:01',NULL,'<p>Доста време ерген одев, доста лични моми водев, дојде време да се женам, овој живот да го сменам.</p>','<p>\"We mature in knowledge and wisdom but never leave the playground of our hearts.\"</p>','ruzinski.mk@gmail.com',NULL,NULL,'568f4f153564464b4d03513e4f720c95',NULL,NULL),(134,NULL,NULL,NULL,NULL,'<p>aaaa</p>','birthday','viktor',NULL,NULL,'1715939076.1.jpg','2024-11-25',NULL,'2024-05-17 08:48:55','2024-05-17 08:48:55',66,NULL,NULL,'viktorkochevski@gmail.com',42.0063169000,21.4118924000,'2a028a3a30162f179f6d12f8e4615285','Viktor','22'),(135,'Иван','Ивана','<p>На секој човек му е потребен животен сопатник, многу љубов и разбирање.</p>\n<p>Ако сонцето ја има месечината, денот ја има ноќта, планината го има морето, животот ја има смртта, длабочината ја има висината, галамата ја има тишината, среќата ја има тагата, доброто го има злото - јас ја имам Ивана . Таа е сè што недостасуваше во мојот живот, а заедно сме енергијата, земјата, водата, воздухот и огнот. Ви благодарам што сте дел од нашиот живот.</p>\n<p>Дојдете да си поминеме убаво!</p>','<p>Како секоја принцеза, така и јас сонував за принцот на бел коњ. Но, за кратко време сфатив дека реалноста е многу поубава од секоја бајка, од секој коњ, од секој сон... Наместо да се плашам од иднината, решив после една година да влезам во една друга реалност која ме научи на мир, среќа и на решителност. Заедно со Иван постигнавме многу за кратко време и едвај чекам да видам што можеме да направиме понатаму. Но, без Вашата поддршка, љубов и грижа, никогаш немаше да бидеме тука.</p>','Со огромна чест и задоволство Ве покануваме заедно да ја прославиме една од нашите најважни вечери во животот. Од Вас очекуваме да донесете само позитивна енергија и удобни чевли за играње. Се гледаме!','template_a','ivana-ivan','1716403572.3.png','1716403570.2.png','1716403575.4.png','2024-08-24 00:00:00',13,'2024-05-22 17:46:20','2024-05-22 17:46:35',2,'<p>Доста време ерген одев, доста лични моми водев, дојде време да се женам, овој живот да го сменам.</p>','<p>\"We mature in knowledge and wisdom but never leave the playground of our hearts.\"</p>','boban0609@gmail.com',NULL,NULL,'917cbf361fd2e9a32b7b7fff46395d30',NULL,NULL),(136,'Станко','Петкана','<p>На секој човек му е потребен животен сопатник, многу љубов и разбирање.</p>\n<p>Ако сонцето ја има месечината, денот ја има ноќта, планината го има морето, животот ја има смртта, длабочината ја има висината, галамата ја има тишината, среќата ја има тагата, доброто го има злото - јас ја имам Петкана . Таа е сè што недостасуваше во мојот живот, а заедно сме енергијата, земјата, водата, воздухот и огнот. Ви благодарам што сте дел од нашиот живот.</p>\n<p>Дојдете да си поминеме убаво!</p>','<p>Како секоја принцеза, така и јас сонував за принцот на бел коњ. Но, за кратко време сфатив дека реалноста е многу поубава од секоја бајка, од секој коњ, од секој сон... Наместо да се плашам од иднината, решив после една година да влезам во една друга реалност која ме научи на мир, среќа и на решителност. Заедно со Станко постигнавме многу за кратко време и едвај чекам да видам што можеме да направиме понатаму. Но, без Вашата поддршка, љубов и грижа, никогаш немаше да бидеме тука.</p>','<p>Со огромна чест и задоволство Ве покануваме заедно да ја прославиме една од нашите најважни вечери во животот. Од Вас очекуваме да донесете само позитивна енергија и удобни чевли за играње. Се гледаме!</p>','template_a','petkana-stanko-1','1716915516.Groom.jpg','1716915494.Bride.jpg','1716915529.Bride&Groom.jpg','2024-05-31 00:00:00',NULL,'2024-05-28 15:58:57','2024-05-28 16:00:59',36,'<p>Доста време ерген одев, доста лични моми водев, дојде време да се женам, овој живот да го сменам.</p>','<p>\"We mature in knowledge and wisdom but never leave the playground of our hearts.\"</p>','filipchernozemski@gmail.com',42.0147069000,21.2968791000,'1af5e3f2c081ce9b48cbdab75b4b4fb1',NULL,NULL),(137,NULL,NULL,NULL,NULL,'<p>&nbsp;Ova e pokana</p>','birthday','martin-karadzinov',NULL,NULL,'1717410446.Screenshot 2024-05-13 at 16.30.08.png','2024-09-30',NULL,'2024-06-03 09:27:37','2024-06-03 09:27:37',1,NULL,NULL,'martin@pingdevs.com',41.9991801000,21.3880131000,NULL,'Martin Karadzinov','40'),(138,'Андреј','Марина','<p>На секој човек му е потребен животен сопатник, многу љубов и разбирање.</p>\n<p>Ако сонцето ја има месечината, денот ја има ноќта, планината го има морето, животот ја има смртта, длабочината ја има висината, галамата ја има тишината, среќата ја има тагата, доброто го има злото - јас ја имам Марина . Таа е сè што недостасуваше во мојот живот, а заедно сме енергијата, земјата, водата, воздухот и огнот. Ви благодарам што сте дел од нашиот живот.</p>\n<p>Дојдете да си поминеме убаво!</p>','<p>Како секоја принцеза, така и јас сонував за принцот на бел коњ. Но, за кратко време сфатив дека реалноста е многу поубава од секоја бајка, од секој коњ, од секој сон... Наместо да се плашам од иднината, решив после една година да влезам во една друга реалност која ме научи на мир, среќа и на решителност. Заедно со Андреј постигнавме многу за кратко време и едвај чекам да видам што можеме да направиме понатаму. Но, без Вашата поддршка, љубов и грижа, никогаш немаше да бидеме тука.</p>','Со огромна чест и задоволство Ве покануваме заедно да ја прославиме една од нашите најважни вечери во животот. Од Вас очекуваме да донесете само позитивна енергија и удобни чевли за играње. Се гледаме!','template_a','marina-andrej','1717520138.inbound6338404693762423956.jpg','1717520119.inbound1379111704830055788.jpg','1717520159.inbound4333805411600220878.jpg','2024-08-10',NULL,'2024-06-04 15:56:13','2024-06-04 15:56:13',NULL,'<p>Доста време ерген одев, доста лични моми водев, дојде време да се женам, овој живот да го сменам.</p>','<p>\"We mature in knowledge and wisdom but never leave the playground of our hearts.\"</p>','andrejangjelov@gmail.com',NULL,NULL,'eecfe96efe5621529451074d4679d779',NULL,NULL),(139,'Марио','Дијана','<p>На секој човек му е потребен животен сопатник, многу љубов и разбирање.</p>\n<p>Ако сонцето ја има месечината, денот ја има ноќта, планината го има морето, животот ја има смртта, длабочината ја има висината, галамата ја има тишината, среќата ја има тагата, доброто го има злото - јас ја имам Дијана . Таа е сè што недостасуваше во мојот живот, а заедно сме енергијата, земјата, водата, воздухот и огнот. Ви благодарам што сте дел од нашиот живот.</p>\n<p>Дојдете да си поминеме убаво!</p>','<p>Како секоја принцеза, така и јас сонував за принцот на бел коњ. Но, за кратко време сфатив дека реалноста е многу поубава од секоја бајка, од секој коњ, од секој сон... Наместо да се плашам од иднината, решив после една година да влезам во една друга реалност која ме научи на мир, среќа и на решителност. Заедно со Марио постигнавме многу за кратко време и едвај чекам да видам што можеме да направиме понатаму. Но, без Вашата поддршка, љубов и грижа, никогаш немаше да бидеме тука.</p>','Со огромна чест и задоволство Ве покануваме заедно да ја прославиме една од нашите најважни вечери во животот. Од Вас очекуваме да донесете само позитивна енергија и удобни чевли за играње. Се гледаме!','template_a','dijana-mario','1717620412.inbound2491731061351355746.jpg','1717620393.inbound2681279189133800724.jpg','1717620371.inbound1785452607817812173.jpg','2025-06-07',2,'2024-06-05 19:46:56','2024-06-05 19:50:36',72,'<p>Доста време ерген одев, доста лични моми водев, дојде време да се женам, овој живот да го сменам.</p>','<p>\"We mature in knowledge and wisdom but never leave the playground of our hearts.\"</p>','dijanastojkovic158@gmail.com',NULL,NULL,'44fa17b2c68fb4db83cd580ae606636b',NULL,NULL),(140,'Тр','Тyт','<p>На секој човек му е потребен животен сопатник, многу љубов и разбирање.</p>\n<p>Ако сонцето ја има месечината, денот ја има ноќта, планината го има морето, животот ја има смртта, длабочината ја има висината, галамата ја има тишината, среќата ја има тагата, доброто го има злото - јас ја имам Тyт . Таа е сè што недостасуваше во мојот живот, а заедно сме енергијата, земјата, водата, воздухот и огнот. Ви благодарам што сте дел од нашиот живот.</p>\n<p>Дојдете да си поминеме убаво!</p>','<p>Како секоја принцеза, така и јас сонував за принцот на бел коњ. Но, за кратко време сфатив дека реалноста е многу поубава од секоја бајка, од секој коњ, од секој сон... Наместо да се плашам од иднината, решив после една година да влезам во една друга реалност која ме научи на мир, среќа и на решителност. Заедно со Тр постигнавме многу за кратко време и едвај чекам да видам што можеме да направиме понатаму. Но, без Вашата поддршка, љубов и грижа, никогаш немаше да бидеме тука.</p>','Со огромна чест и задоволство Ве покануваме заедно да ја прославиме една од нашите најважни вечери во животот. Од Вас очекуваме да донесете само позитивна енергија и удобни чевли за играње. Се гледаме!','template_a','tyt-tr','1717653146.image.jpg','1717653126.image.jpg','1717653138.httpswww.google.comsearchsca_esv=4771c1dce5b9df5f&sca_upv=1&rlz=1CDGOYI_enMK871MK871&hl=en-GB&sxsrf=ADLYWIIxLLXZchP_p7EYkmm.pdf','2024-06-08',23,'2024-06-06 04:52:32','2024-06-06 04:52:55',NULL,'<p>Доста време ерген одев, доста лични моми водев, дојде време да се женам, овој живот да го сменам.</p>','<p>\"We mature in knowledge and wisdom but never leave the playground of our hearts.\"</p>','gfygg@gmail.con',NULL,NULL,'4478104e7ae93cf5e2fd3f4b28496a68',NULL,NULL),(141,'Мартин','Теодора','<p>На секој човек му е потребен животен сопатник, многу љубов и разбирање.</p>\n<p>Ако сонцето ја има месечината, денот ја има ноќта, планината го има морето, животот ја има смртта, длабочината ја има висината, галамата ја има тишината, среќата ја има тагата, доброто го има злото - јас ја имам Теодора . Таа е сè што недостасуваше во мојот живот, а заедно сме енергијата, земјата, водата, воздухот и огнот. Ви благодарам што сте дел од нашиот живот.</p>\n<p>Дојдете да си поминеме убаво!</p>','<p>Како секоја принцеза, така и јас сонував за принцот на бел коњ. Но, за кратко време сфатив дека реалноста е многу поубава од секоја бајка, од секој коњ, од секој сон... Наместо да се плашам од иднината, решив после една година да влезам во една друга реалност која ме научи на мир, среќа и на решителност. Заедно со Мартин постигнавме многу за кратко време и едвај чекам да видам што можеме да направиме понатаму. Но, без Вашата поддршка, љубов и грижа, никогаш немаше да бидеме тука.</p>','Со огромна чест и задоволство Ве покануваме заедно да ја прославиме една од нашите најважни вечери во животот. Од Вас очекуваме да донесете само позитивна енергија и удобни чевли за играње. Се гледаме!','template_a','teodora-martin','1717778785.20240217_204242.jpg','1717778616.20240524_194353.jpg','1717778674.20240524_185134.jpg','2025-08-30',NULL,'2024-06-07 15:46:30','2024-06-07 15:46:30',NULL,'<p>Доста време ерген одев, доста лични моми водев, дојде време да се женам, овој живот да го сменам.</p>','<p>\"We mature in knowledge and wisdom but never leave the playground of our hearts.\"</p>','ilievska52@gmail.com',NULL,NULL,'c918f173c0280c30260a9a9b9bf8bf87',NULL,NULL),(142,NULL,NULL,NULL,NULL,NULL,'birthday','sugs-\"kocho-racin',NULL,NULL,'1717869848.FB_IMG_1717869727993.jpg','2024-06-08',NULL,'2024-06-08 17:04:37','2024-06-08 17:04:37',2,NULL,NULL,'boban0609@gmail.com',42.0118613000,21.3592361000,NULL,'СУГС \"КОЧО РАЦИН','20'),(143,'Ивица','Ивана','<p>На секој човек му е потребен животен сопатник, многу љубов и разбирање.</p>\n<p>Ако сонцето ја има месечината, денот ја има ноќта, планината го има морето, животот ја има смртта, длабочината ја има висината, галамата ја има тишината, среќата ја има тагата, доброто го има злото - јас ја имам Ивана . Таа е сè што недостасуваше во мојот живот, а заедно сме енергијата, земјата, водата, воздухот и огнот. Ви благодарам што сте дел од нашиот живот.</p>\n<p>Дојдете да си поминеме убаво!</p>','<p>Како секоја принцеза, така и јас сонував за принцот на бел коњ. Но, за кратко време сфатив дека реалноста е многу поубава од секоја бајка, од секој коњ, од секој сон... Наместо да се плашам од иднината, решив после една година да влезам во една друга реалност која ме научи на мир, среќа и на решителност. Заедно со Ивица постигнавме многу за кратко време и едвај чекам да видам што можеме да направиме понатаму. Но, без Вашата поддршка, љубов и грижа, никогаш немаше да бидеме тука.</p>','Со огромна чест и задоволство Ве покануваме заедно да ја прославиме една од нашите најважни вечери во животот. Од Вас очекуваме да донесете само позитивна енергија и удобни чевли за играње. Се гледаме!','template_a','ivana-ivica','1718394700.inbound7999249842550819178.jpg','1718394652.inbound7897282100136058619.jpg','1718394709.inbound7475707767276359759.jpg','2024-10-18',3,'2024-06-14 18:52:00','2024-06-14 18:53:26',73,'<p>Доста време ерген одев, доста лични моми водев, дојде време да се женам, овој живот да го сменам.</p>','<p>\"We mature in knowledge and wisdom but never leave the playground of our hearts.\"</p>','i.georgievska@hotmail.com',NULL,NULL,'902712e9808e0714ad5bf2e5767fe7e0',NULL,NULL),(144,'Г','Т','<p>На секој човек му е потребен животен сопатник, многу љубов и разбирање.</p>\n<p>Ако сонцето ја има месечината, денот ја има ноќта, планината го има морето, животот ја има смртта, длабочината ја има висината, галамата ја има тишината, среќата ја има тагата, доброто го има злото - јас ја имам Т . Таа е сè што недостасуваше во мојот живот, а заедно сме енергијата, земјата, водата, воздухот и огнот. Ви благодарам што сте дел од нашиот живот.</p>\n<p>Дојдете да си поминеме убаво!</p>','<p>Како секоја принцеза, така и јас сонував за принцот на бел коњ. Но, за кратко време сфатив дека реалноста е многу поубава од секоја бајка, од секој коњ, од секој сон... Наместо да се плашам од иднината, решив после една година да влезам во една друга реалност која ме научи на мир, среќа и на решителност. Заедно со Г постигнавме многу за кратко време и едвај чекам да видам што можеме да направиме понатаму. Но, без Вашата поддршка, љубов и грижа, никогаш немаше да бидеме тука.</p>','Со огромна чест и задоволство Ве покануваме заедно да ја прославиме една од нашите најважни вечери во животот. Од Вас очекуваме да донесете само позитивна енергија и удобни чевли за играње. Се гледаме!','template_a','t-g','1718400174.inbound1980379304484672364.jpg','1718400159.inbound3797522268062026751.jpg','1718400185.inbound7222002383004549511.jpg','2024-07-27',NULL,'2024-06-14 20:23:13','2024-06-14 20:23:13',NULL,'<p>Доста време ерген одев, доста лични моми водев, дојде време да се женам, овој живот да го сменам.</p>','<p>\"We mature in knowledge and wisdom but never leave the playground of our hearts.\"</p>','tanja_kaeva@yahoo.com',NULL,NULL,'1f62c832e5d237bc948744b52d644afd',NULL,NULL),(145,NULL,NULL,NULL,NULL,NULL,'birthday','petar',NULL,NULL,'1718400296.inbound6678706306056199085.jpg','2024-07-16',NULL,'2024-06-14 20:25:06','2024-06-14 20:25:06',74,NULL,NULL,'tanja_kaeva@yahoo.com',41.9981294000,21.4254355000,'1f62c832e5d237bc948744b52d644afd','Petar','5'),(146,NULL,NULL,NULL,NULL,NULL,'birthday','bojana',NULL,NULL,'1718436067.IMG_4758.jpeg','2024-08-28',NULL,'2024-06-15 06:21:15','2024-06-15 06:21:15',75,NULL,NULL,'bojana.mitkovska@hotmail.com',41.9981294000,21.4254355000,'3a5ff4e6d039a3b2925534f682941adb','Bojana','26'),(147,'Миле','Маја','<p>На секој човек му е потребен животен сопатник, многу љубов и разбирање.</p>\n<p>Ако сонцето ја има месечината, денот ја има ноќта, планината го има морето, животот ја има смртта, длабочината ја има висината, галамата ја има тишината, среќата ја има тагата, доброто го има злото - јас ја имам Маја . Таа е сè што недостасуваше во мојот живот, а заедно сме енергијата, земјата, водата, воздухот и огнот. Ви благодарам што сте дел од нашиот живот.</p>\n<p>Дојдете да си поминеме убаво!</p>','<p>Како секоја принцеза, така и јас сонував за принцот на бел коњ. Но, за кратко време сфатив дека реалноста е многу поубава од секоја бајка, од секој коњ, од секој сон... Наместо да се плашам од иднината, решив после една година да влезам во една друга реалност која ме научи на мир, среќа и на решителност. Заедно со Миле постигнавме многу за кратко време и едвај чекам да видам што можеме да направиме понатаму. Но, без Вашата поддршка, љубов и грижа, никогаш немаше да бидеме тука.</p>','Со огромна чест и задоволство Ве покануваме заедно да ја прославиме една од нашите најважни вечери во животот. Од Вас очекуваме да донесете само позитивна енергија и удобни чевли за играње. Се гледаме!','template_a','maja-mile','1718459628.IMG_8088.jpeg','1718459617.IMG_8089.jpeg','1718459616.IMG_8087.jpeg','2024-08-04',NULL,'2024-06-15 12:54:05','2024-06-15 12:56:33',NULL,'<p>Доста време ерген одев, доста лични моми водев, дојде време да се женам, овој живот да го сменам.</p>','<p>\"We mature in knowledge and wisdom but never leave the playground of our hearts.\"</p>','pmaja88@icloud.com',42.0085884000,21.4846808000,'af9b4381ca0f6798892bb4e2a98fd467',NULL,NULL),(148,'Тоше','Тамара','<p>На секој човек му е потребен животен сопатник, многу љубов и разбирање.</p>\n\n<p>Ако сонцето ја има месечината, денот ја има ноќта, планината го има морето, животот ја има смртта, длабочината ја има висината, галамата ја има тишината, среќата ја има тагата, доброто го има злото - јас ја имам Тамара . Таа е с&egrave; што недостасуваше во мојот живот, а заедно сме енергијата, земјата, водата, воздухот и огнот. Ви благодарам што сте дел од нашиот живот.</p>\n\n<p>Дојдете да си поминеме убаво!</p>','<p>Како секоја принцеза, така и јас сонував за принцот на бел коњ. Но, за кратко време сфатив дека реалноста е многу поубава од секоја бајка, од секој коњ, од секој сон... Наместо да се плашам од иднината, решив после една година да влезам во една друга реалност која ме научи на мир, среќа и на решителност. Заедно со Тоше постигнавме многу за кратко време и едвај чекам да видам што можеме да направиме понатаму. Но, без Вашата поддршка, љубов и грижа, никогаш немаше да бидеме тука.</p>','Со огромна чест и задоволство Ве покануваме заедно да ја прославиме една од нашите најважни вечери во животот. Од Вас очекуваме да донесете само позитивна енергија и удобни чевли за играње. Се гледаме!','template_a','tamara-toshe','1718471199.inbound7810914231116803489.jpg','1718471212.inbound2111902238153131180.jpg','1718471165.inbound3590943228173903583.jpg','2024-09-01',NULL,'2024-06-15 16:07:11','2024-06-15 16:09:09',NULL,'<p>Доста време ерген одев, доста лични моми водев, дојде време да се женам, овој живот да го сменам.</p>','<p>\"We mature in knowledge and wisdom but never leave the playground of our hearts.\"</p>','tamaramalinova11@gmail.com',41.7343641000,21.7766084000,'a669334ac1de482d8cf2cb6851a86e9c',NULL,NULL),(149,'Филип','Моника','<p>На секој човек му е потребен животен сопатник, многу љубов и разбирање.</p>\n<p>Ако сонцето ја има месечината, денот ја има ноќта, планината го има морето, животот ја има смртта, длабочината ја има висината, галамата ја има тишината, среќата ја има тагата, доброто го има злото - јас ја имам Моника . Таа е сè што недостасуваше во мојот живот, а заедно сме енергијата, земјата, водата, воздухот и огнот. Ви благодарам што сте дел од нашиот живот.</p>\n<p>Дојдете да си поминеме убаво!</p>','<p>Како секоја принцеза, така и јас сонував за принцот на бел коњ. Но, за кратко време сфатив дека реалноста е многу поубава од секоја бајка, од секој коњ, од секој сон... Наместо да се плашам од иднината, решив после една година да влезам во една друга реалност која ме научи на мир, среќа и на решителност. Заедно со Филип постигнавме многу за кратко време и едвај чекам да видам што можеме да направиме понатаму. Но, без Вашата поддршка, љубов и грижа, никогаш немаше да бидеме тука.</p>','Со огромна чест и задоволство Ве покануваме заедно да ја прославиме една од нашите најважни вечери во животот. Од Вас очекуваме да донесете само позитивна енергија и удобни чевли за играње. Се гледаме!','template_a','monika-filip','1719788892.IMG_6801.jpeg','1719788863.50F2016C-F965-411F-89A5-1F40F3BE7D76.jpeg','1719788882.IMG_6802.jpeg','2024-09-28',NULL,'2024-06-30 22:08:20','2024-06-30 22:08:20',NULL,'<p>Доста време ерген одев, доста лични моми водев, дојде време да се женам, овој живот да го сменам.</p>','<p>\"We mature in knowledge and wisdom but never leave the playground of our hearts.\"</p>','krstovamonika8@gmail.com',NULL,NULL,'5a41543ecd59a55da5157045a46b8f43',NULL,NULL),(153,'Мајд','Марф','<p>На секој човек му е потребен животен сопатник, многу љубов и разбирање.</p>\n<p>Ако сонцето ја има месечината, денот ја има ноќта, планината го има морето, животот ја има смртта, длабочината ја има висината, галамата ја има тишината, среќата ја има тагата, доброто го има злото - јас ја имам Марф . Таа е сè што недостасуваше во мојот живот, а заедно сме енергијата, земјата, водата, воздухот и огнот. Ви благодарам што сте дел од нашиот живот.</p>\n<p>Дојдете да си поминеме убаво!</p>','<p>Како секоја принцеза, така и јас сонував за принцот на бел коњ. Но, за кратко време сфатив дека реалноста е многу поубава од секоја бајка, од секој коњ, од секој сон... Наместо да се плашам од иднината, решив после една година да влезам во една друга реалност која ме научи на мир, среќа и на решителност. Заедно со Мајд постигнавме многу за кратко време и едвај чекам да видам што можеме да направиме понатаму. Но, без Вашата поддршка, љубов и грижа, никогаш немаше да бидеме тука.</p>','Со огромна чест и задоволство Ве покануваме заедно да ја прославиме една од нашите најважни вечери во животот. Од Вас очекуваме да донесете само позитивна енергија и удобни чевли за играње. Се гледаме!','template_a','marf-majd','1719818941.inbound5260109922183263977.jpg','1719818932.inbound6784573890869563890.jpg','1719818955.inbound6837591984546974004.jpg','2024-07-17',NULL,'2024-07-01 06:29:27','2024-07-01 06:32:36',NULL,'<p>Доста време ерген одев, доста лични моми водев, дојде време да се женам, овој живот да го сменам.</p>','<p>\"We mature in knowledge and wisdom but never leave the playground of our hearts.\"</p>','martina.195@hotmail.com',41.9696438473,21.3303514419,'c96d3acc63c011a08eb9e55f8475a531',NULL,NULL);
/*!40000 ALTER TABLE `invitations` ENABLE KEYS */;
UNLOCK TABLES;

--
-- Table structure for table `links`
--

DROP TABLE IF EXISTS `links`;
/*!40101 SET @saved_cs_client     = @@character_set_client */;
/*!40101 SET character_set_client = utf8 */;
CREATE TABLE `links` (
  `id` bigint(20) unsigned NOT NULL AUTO_INCREMENT,
  `link` varchar(255) NOT NULL,
  `created_at` timestamp NULL DEFAULT NULL,
  `updated_at` timestamp NULL DEFAULT NULL,
  PRIMARY KEY (`id`)
) ENGINE=InnoDB AUTO_INCREMENT=197 DEFAULT CHARSET=utf8mb4 COLLATE=utf8mb4_unicode_ci;
/*!40101 SET character_set_client = @saved_cs_client */;

--
-- Dumping data for table `links`
--

LOCK TABLES `links` WRITE;
/*!40000 ALTER TABLE `links` DISABLE KEYS */;
INSERT INTO `links` VALUES (1,'aCTV3','2023-12-20 13:53:35','2023-12-20 13:53:35'),(2,'Fryw6','2023-12-20 13:55:30','2023-12-20 13:55:30'),(3,'uZ41q','2023-12-20 13:57:38','2023-12-20 13:57:38'),(4,'lN2KC','2023-12-20 13:57:47','2023-12-20 13:57:47'),(5,'9P70w','2023-12-20 14:01:15','2023-12-20 14:01:15'),(6,'qsVYu','2023-12-20 14:05:11','2023-12-20 14:05:11'),(7,'RkBNt','2023-12-20 14:07:27','2023-12-20 14:07:27'),(8,'SfQbQ','2023-12-20 14:23:11','2023-12-20 14:23:11'),(9,'GyOtS','2023-12-22 19:22:21','2023-12-22 19:22:21'),(10,'U1p3m','2023-12-22 19:23:17','2023-12-22 19:23:17'),(11,'EQxS9','2023-12-26 18:26:12','2023-12-26 18:26:12'),(12,'vL1vR','2024-01-18 13:55:24','2024-01-18 13:55:24'),(13,'o10Pm','2024-01-18 14:25:59','2024-01-18 14:25:59'),(14,'QXNlJ','2024-01-21 19:50:16','2024-01-21 19:50:16'),(15,'60DRM','2024-01-22 14:27:03','2024-01-22 14:27:03'),(16,'hZKRv','2024-01-25 08:25:24','2024-01-25 08:25:24'),(17,'LihwA','2024-01-29 21:32:41','2024-01-29 21:32:41'),(18,'hsjVe','2024-01-29 21:34:48','2024-01-29 21:34:48'),(19,'ovdIA','2024-01-29 21:34:58','2024-01-29 21:34:58'),(20,'jt0l5','2024-01-29 21:35:04','2024-01-29 21:35:04'),(21,'DdyY3','2024-01-31 11:21:08','2024-01-31 11:21:08'),(22,'KcDhr','2024-01-31 11:21:13','2024-01-31 11:21:13'),(23,'mHQen','2024-01-31 11:21:21','2024-01-31 11:21:21'),(24,'D7lkY','2024-01-31 11:21:29','2024-01-31 11:21:29'),(25,'PcstI','2024-01-31 11:48:25','2024-01-31 11:48:25'),(26,'zvomW','2024-01-31 14:42:59','2024-01-31 14:42:59'),(27,'kuF8W','2024-02-01 13:50:08','2024-02-01 13:50:08'),(28,'wQZtC','2024-02-04 18:38:39','2024-02-04 18:38:39'),(29,'dkRnD','2024-02-04 18:38:49','2024-02-04 18:38:49'),(30,'XmeNw','2024-02-08 14:38:10','2024-02-08 14:38:10'),(31,'shZ0y','2024-02-08 21:49:21','2024-02-08 21:49:21'),(32,'Vr3wP','2024-02-09 13:05:37','2024-02-09 13:05:37'),(33,'2XFBe','2024-02-10 20:41:58','2024-02-10 20:41:58'),(34,'4xzZf','2024-02-10 20:42:02','2024-02-10 20:42:02'),(35,'jdmee','2024-02-12 21:49:54','2024-02-12 21:49:54'),(36,'C1tmL','2024-02-13 11:31:46','2024-02-13 11:31:46'),(37,'pylJ5','2024-02-13 11:38:50','2024-02-13 11:38:50'),(38,'pmkzq','2024-02-13 11:39:05','2024-02-13 11:39:05'),(39,'N3bSU','2024-02-13 18:52:31','2024-02-13 18:52:31'),(40,'dEO3u','2024-02-13 18:52:46','2024-02-13 18:52:46'),(41,'D37f0','2024-02-14 11:11:54','2024-02-14 11:11:54'),(42,'zQB83','2024-02-14 13:09:03','2024-02-14 13:09:03'),(43,'riNAs','2024-02-14 13:09:11','2024-02-14 13:09:11'),(44,'9rPIR','2024-02-14 13:09:24','2024-02-14 13:09:24'),(45,'t4moF','2024-02-15 12:03:02','2024-02-15 12:03:02'),(46,'y380k','2024-02-16 13:23:26','2024-02-16 13:23:26'),(47,'L6iw1','2024-02-20 20:42:58','2024-02-20 20:42:58'),(48,'LtLsz','2024-02-20 20:43:36','2024-02-20 20:43:36'),(49,'VawrG','2024-02-20 20:44:13','2024-02-20 20:44:13'),(50,'HSthJ','2024-02-22 12:46:14','2024-02-22 12:46:14'),(51,'psvCK','2024-02-24 16:38:33','2024-02-24 16:38:33'),(52,'xHJ3q','2024-03-05 08:48:25','2024-03-05 08:48:25'),(53,'ucJub','2024-03-05 08:48:36','2024-03-05 08:48:36'),(54,'YlK3M','2024-03-05 11:40:02','2024-03-05 11:40:02'),(55,'6v8v9','2024-03-05 11:40:10','2024-03-05 11:40:10'),(56,'PGpQg','2024-03-12 14:58:50','2024-03-12 14:58:50'),(57,'WMLoy','2024-03-12 15:02:04','2024-03-12 15:02:04'),(58,'5J4zv','2024-03-13 16:13:17','2024-03-13 16:13:17'),(59,'q2vZc','2024-03-14 12:03:33','2024-03-14 12:03:33'),(60,'KHjkY','2024-03-20 11:49:35','2024-03-20 11:49:35'),(61,'ATOYc','2024-03-21 15:11:33','2024-03-21 15:11:33'),(62,'MIiLx','2024-03-26 13:01:48','2024-03-26 13:01:48'),(63,'B18fX','2024-03-30 13:12:07','2024-03-30 13:12:07'),(64,'ZSn9h','2024-04-03 17:03:15','2024-04-03 17:03:15'),(65,'gwq4O','2024-04-12 12:16:14','2024-04-12 12:16:14'),(66,'YwGFG','2024-04-12 12:39:57','2024-04-12 12:39:57'),(67,'2Rtpl','2024-04-12 12:42:04','2024-04-12 12:42:04'),(68,'zP378','2024-04-12 12:44:06','2024-04-12 12:44:06'),(69,'eRYzo','2024-04-12 12:58:09','2024-04-12 12:58:09'),(70,'F2KZf','2024-04-12 14:30:34','2024-04-12 14:30:34'),(71,'05LV0','2024-04-12 14:30:58','2024-04-12 14:30:58'),(72,'9czyX','2024-04-12 14:37:12','2024-04-12 14:37:12'),(73,'4fEud','2024-04-13 17:10:05','2024-04-13 17:10:05'),(74,'2IcCd','2024-04-13 17:27:32','2024-04-13 17:27:32'),(75,'SK3kR','2024-04-13 17:32:20','2024-04-13 17:32:20'),(76,'dhBVW','2024-04-13 17:32:23','2024-04-13 17:32:23'),(77,'WLwNT','2024-04-13 17:32:24','2024-04-13 17:32:24'),(78,'r9aNi','2024-04-13 17:32:30','2024-04-13 17:32:30'),(79,'D5tWT','2024-04-13 17:32:40','2024-04-13 17:32:40'),(80,'vovIC','2024-04-13 17:36:27','2024-04-13 17:36:27'),(81,'5vLVn','2024-04-13 17:41:54','2024-04-13 17:41:54'),(82,'CTUbs','2024-04-13 17:42:34','2024-04-13 17:42:34'),(83,'apaX2','2024-04-13 17:43:24','2024-04-13 17:43:24'),(84,'I0k79','2024-04-13 17:43:43','2024-04-13 17:43:43'),(85,'cVUOk','2024-04-13 17:44:15','2024-04-13 17:44:15'),(86,'kL7tO','2024-04-13 17:44:20','2024-04-13 17:44:20'),(87,'t0rfK','2024-04-13 17:44:42','2024-04-13 17:44:42'),(88,'SJsF9','2024-04-13 17:51:14','2024-04-13 17:51:14'),(89,'BdzCu','2024-04-13 17:52:03','2024-04-13 17:52:03'),(90,'Ur7Sd','2024-04-13 17:53:04','2024-04-13 17:53:04'),(91,'psYM0','2024-04-13 17:53:26','2024-04-13 17:53:26'),(92,'ErrTX','2024-04-13 17:54:03','2024-04-13 17:54:03'),(93,'gCx1i','2024-04-13 17:54:55','2024-04-13 17:54:55'),(94,'mpady','2024-04-13 17:57:01','2024-04-13 17:57:01'),(95,'0DC2J','2024-04-13 17:59:52','2024-04-13 17:59:52'),(96,'qLZkS','2024-04-13 18:01:08','2024-04-13 18:01:08'),(97,'8L4Sv','2024-04-13 18:03:05','2024-04-13 18:03:05'),(98,'Zi4gs','2024-04-13 18:05:22','2024-04-13 18:05:22'),(99,'mUsBt','2024-04-13 18:07:29','2024-04-13 18:07:29'),(100,'F153I','2024-04-13 18:10:20','2024-04-13 18:10:20'),(101,'03Gpg','2024-04-13 18:11:15','2024-04-13 18:11:15'),(102,'WEVt5','2024-04-13 18:11:40','2024-04-13 18:11:40'),(103,'F72ra','2024-04-13 18:12:34','2024-04-13 18:12:34'),(104,'jCKaJ','2024-04-13 18:13:34','2024-04-13 18:13:34'),(105,'uiUYW','2024-04-13 18:14:16','2024-04-13 18:14:16'),(106,'4HZAf','2024-04-13 18:14:39','2024-04-13 18:14:39'),(107,'L1Qge','2024-04-13 18:15:08','2024-04-13 18:15:08'),(108,'DSGnM','2024-04-13 18:15:40','2024-04-13 18:15:40'),(109,'dfRXK','2024-04-13 18:16:36','2024-04-13 18:16:36'),(110,'FTpsM','2024-04-13 18:17:37','2024-04-13 18:17:37'),(111,'xsJr1','2024-04-13 18:18:10','2024-04-13 18:18:10'),(112,'Eeq5M','2024-04-13 18:18:36','2024-04-13 18:18:36'),(113,'sRlyd','2024-04-13 18:19:56','2024-04-13 18:19:56'),(114,'mDjkm','2024-04-13 18:21:00','2024-04-13 18:21:00'),(115,'RtMjE','2024-04-13 18:22:23','2024-04-13 18:22:23'),(116,'LuS1l','2024-04-13 18:23:59','2024-04-13 18:23:59'),(117,'1D7cY','2024-04-13 18:25:06','2024-04-13 18:25:06'),(118,'NZyH2','2024-04-13 18:29:05','2024-04-13 18:29:05'),(119,'0mPRe','2024-04-13 18:29:32','2024-04-13 18:29:32'),(120,'6VxIh','2024-04-13 18:30:39','2024-04-13 18:30:39'),(121,'lZQmU','2024-04-13 18:32:13','2024-04-13 18:32:13'),(122,'3wmOe','2024-04-13 18:34:03','2024-04-13 18:34:03'),(123,'vU4Np','2024-04-13 18:34:45','2024-04-13 18:34:45'),(124,'YumPK','2024-04-13 18:37:14','2024-04-13 18:37:14'),(125,'aIfbg','2024-04-13 18:39:34','2024-04-13 18:39:34'),(126,'UWinZ','2024-04-13 18:42:58','2024-04-13 18:42:58'),(127,'JG2be','2024-04-13 18:45:52','2024-04-13 18:45:52'),(128,'lNuis','2024-04-13 18:46:55','2024-04-13 18:46:55'),(129,'iTiFK','2024-04-13 18:48:57','2024-04-13 18:48:57'),(130,'vaQzX','2024-04-13 18:49:51','2024-04-13 18:49:51'),(131,'Ii8Zq','2024-04-13 18:51:01','2024-04-13 18:51:01'),(132,'UCGXS','2024-04-13 18:53:04','2024-04-13 18:53:04'),(133,'ToOUD','2024-04-13 18:55:31','2024-04-13 18:55:31'),(134,'wWXQh','2024-04-13 18:55:55','2024-04-13 18:55:55'),(135,'faLWy','2024-04-13 18:56:38','2024-04-13 18:56:38'),(136,'vdcPH','2024-04-13 19:04:25','2024-04-13 19:04:25'),(137,'QqCGk','2024-04-13 20:23:24','2024-04-13 20:23:24'),(138,'RTVKn','2024-04-13 20:25:05','2024-04-13 20:25:05'),(139,'mwkEs','2024-04-14 10:16:26','2024-04-14 10:16:26'),(140,'Cr1CW','2024-04-14 10:16:58','2024-04-14 10:16:58'),(141,'3icLC','2024-04-14 10:17:32','2024-04-14 10:17:32'),(142,'smigB','2024-04-14 10:19:57','2024-04-14 10:19:57'),(143,'BBJvw','2024-04-14 10:26:32','2024-04-14 10:26:32'),(144,'Ekaql','2024-04-14 10:27:39','2024-04-14 10:27:39'),(145,'M6u6N','2024-04-14 10:28:55','2024-04-14 10:28:55'),(146,'KinqG','2024-04-14 11:11:11','2024-04-14 11:11:11'),(147,'X58oW','2024-04-15 11:44:24','2024-04-15 11:44:24'),(148,'TUICT','2024-04-15 11:46:27','2024-04-15 11:46:27'),(149,'qcFFF','2024-04-15 11:58:11','2024-04-15 11:58:11'),(150,'ZOb6I','2024-04-16 18:37:02','2024-04-16 18:37:02'),(151,'m8MBk','2024-04-16 20:03:53','2024-04-16 20:03:53'),(152,'WYJCn','2024-04-16 20:04:00','2024-04-16 20:04:00'),(153,'g4mFH','2024-04-17 09:50:31','2024-04-17 09:50:31'),(154,'a47fH','2024-04-17 09:50:57','2024-04-17 09:50:57'),(155,'Qdj1j','2024-04-17 13:57:57','2024-04-17 13:57:57'),(156,'WCsGH','2024-04-17 13:58:29','2024-04-17 13:58:29'),(157,'jWE9R','2024-04-17 13:58:54','2024-04-17 13:58:54'),(158,'2oRsm','2024-04-17 14:00:03','2024-04-17 14:00:03'),(159,'ctjqx','2024-04-17 14:38:12','2024-04-17 14:38:12'),(160,'xalJ1','2024-04-18 14:28:28','2024-04-18 14:28:28'),(161,'15Ubf','2024-04-18 14:51:58','2024-04-18 14:51:58'),(162,'wAw4W','2024-04-18 15:03:31','2024-04-18 15:03:31'),(163,'9SHa3','2024-04-18 15:03:56','2024-04-18 15:03:56'),(164,'d9tXz','2024-04-18 15:12:15','2024-04-18 15:12:15'),(165,'yeJca','2024-04-18 20:14:36','2024-04-18 20:14:36'),(166,'EAQXY','2024-04-18 22:07:33','2024-04-18 22:07:33'),(167,'iBUgt','2024-04-18 22:08:47','2024-04-18 22:08:47'),(168,'OEF0N','2024-04-18 22:09:20','2024-04-18 22:09:20'),(169,'Pf6tk','2024-04-20 18:51:22','2024-04-20 18:51:22'),(170,'OtR6z','2024-04-21 17:44:47','2024-04-21 17:44:47'),(171,'Cb7xq','2024-04-21 17:53:14','2024-04-21 17:53:14'),(172,'RARnD','2024-04-23 18:04:23','2024-04-23 18:04:23'),(173,'GLBGD','2024-04-26 12:15:11','2024-04-26 12:15:11'),(174,'I70xX','2024-04-27 11:50:51','2024-04-27 11:50:51'),(175,'QEmjb','2024-04-27 11:57:32','2024-04-27 11:57:32'),(176,'umWBH','2024-04-30 10:20:16','2024-04-30 10:20:16'),(177,'t06ij','2024-04-30 15:59:41','2024-04-30 15:59:41'),(178,'FIHW6','2024-05-01 18:56:27','2024-05-01 18:56:27'),(179,'1aqi5','2024-05-04 13:57:29','2024-05-04 13:57:29'),(180,'rbOoe','2024-05-13 16:14:12','2024-05-13 16:14:12'),(181,'4UDQE','2024-05-13 16:22:25','2024-05-13 16:22:25'),(182,'q8aBU','2024-05-15 18:44:20','2024-05-15 18:44:20'),(183,'B5ZOG','2024-05-15 20:09:30','2024-05-15 20:09:30'),(184,'v0S6I','2024-05-17 08:52:07','2024-05-17 08:52:07'),(185,'rdp4a','2024-05-17 08:52:53','2024-05-17 08:52:53'),(186,'xXYlv','2024-05-17 08:53:00','2024-05-17 08:53:00'),(187,'S4vGj','2024-05-21 12:45:58','2024-05-21 12:45:58'),(188,'8XCrt','2024-05-21 12:46:48','2024-05-21 12:46:48'),(189,'qwJNd','2024-05-22 17:46:58','2024-05-22 17:46:58'),(190,'4kZzg','2024-05-28 16:01:43','2024-05-28 16:01:43'),(191,'Wtkhk','2024-05-28 16:05:01','2024-05-28 16:05:01'),(192,'wyBYk','2024-05-28 16:38:14','2024-05-28 16:38:14'),(193,'plyHr','2024-06-01 13:10:46','2024-06-01 13:10:46'),(194,'2xc8j','2024-06-03 09:28:12','2024-06-03 09:28:12'),(195,'1RA0I','2024-06-08 20:21:16','2024-06-08 20:21:16'),(196,'IeV1o','2024-06-22 17:24:51','2024-06-22 17:24:51');
/*!40000 ALTER TABLE `links` ENABLE KEYS */;
UNLOCK TABLES;

--
-- Table structure for table `messages`
--

DROP TABLE IF EXISTS `messages`;
/*!40101 SET @saved_cs_client     = @@character_set_client */;
/*!40101 SET character_set_client = utf8 */;
CREATE TABLE `messages` (
  `id` bigint(20) unsigned NOT NULL AUTO_INCREMENT,
  `created_at` timestamp NULL DEFAULT NULL,
  `updated_at` timestamp NULL DEFAULT NULL,
  PRIMARY KEY (`id`)
) ENGINE=InnoDB DEFAULT CHARSET=utf8mb4 COLLATE=utf8mb4_unicode_ci;
/*!40101 SET character_set_client = @saved_cs_client */;

--
-- Dumping data for table `messages`
--

LOCK TABLES `messages` WRITE;
/*!40000 ALTER TABLE `messages` DISABLE KEYS */;
/*!40000 ALTER TABLE `messages` ENABLE KEYS */;
UNLOCK TABLES;

--
-- Table structure for table `migrations`
--

DROP TABLE IF EXISTS `migrations`;
/*!40101 SET @saved_cs_client     = @@character_set_client */;
/*!40101 SET character_set_client = utf8 */;
CREATE TABLE `migrations` (
  `id` int(10) unsigned NOT NULL AUTO_INCREMENT,
  `migration` varchar(255) NOT NULL,
  `batch` int(11) NOT NULL,
  PRIMARY KEY (`id`)
) ENGINE=InnoDB AUTO_INCREMENT=50 DEFAULT CHARSET=utf8mb4 COLLATE=utf8mb4_unicode_ci;
/*!40101 SET character_set_client = @saved_cs_client */;

--
-- Dumping data for table `migrations`
--

LOCK TABLES `migrations` WRITE;
/*!40000 ALTER TABLE `migrations` DISABLE KEYS */;
INSERT INTO `migrations` VALUES (1,'2014_10_12_000000_create_users_table',1),(2,'2014_10_12_100000_create_password_reset_tokens_table',1),(3,'2014_10_12_100000_create_password_resets_table',1),(4,'2019_07_13_151160_create_links_table',1),(5,'2019_07_13_151644_create_guest_table',1),(6,'2019_07_27_111553_update_table_guest',1),(7,'2019_08_19_000000_create_failed_jobs_table',1),(8,'2019_12_14_000001_create_personal_access_tokens_table',1),(9,'2023_09_13_143602_create_restaurants_table',1),(10,'2023_09_18_230723_create_cities_table',1),(11,'2023_09_21_131059_add_attributes_to_restaurants_table',1),(12,'2023_09_21_131544_create_contacts_table',1),(13,'2023_09_21_210930_add_userid_to_restaurants_table',1),(14,'2023_09_23_222051_add_subtitle_to_restaurants_table',1),(15,'2023_09_23_225247_add_weblinks_to_restaurants_table',1),(16,'2023_09_27_131236_create_misician_table',1),(17,'2023_09_27_134217_add_attributes_to_contacts_table',1),(18,'2023_09_28_152537_add_position_to_restaurants_table',1),(19,'2023_09_28_161114_add_position_to_musicians_table',1),(20,'2023_09_29_085729_create_messages_table',1),(21,'2023_09_29_094244_create_photographers_table',1),(22,'2023_09_29_094647_add_photographs_to_contacts_table',1),(23,'2023_09_29_100202_add_email_to_photographers_table',1),(24,'2023_10_02_130137_create_roles_table',1),(25,'2023_10_02_133953_add_category_to_users_table',1),(26,'2023_10_02_145847_create_albums_table',1),(27,'2023_10_02_183843_create_pictures_table',1),(28,'2023_10_05_132913_add_cover_image_to_albums_table',1),(29,'2023_10_24_221635_create_invitations_table',1),(30,'2023_10_26_085442_add_user_id_to_invitations_table',1),(31,'2023_11_13_114210_add_quotes_to_invitations_table',1),(32,'2023_11_14_125355_add_email_to_invitations_table',1),(33,'2023_11_15_233923_add_restaurant_to_invitations_table',1),(34,'2023_12_06_150833_add_hash_to_invitations_table',1),(35,'2023_12_19_121919_add_invitation_id_to_guests',2),(36,'2024_01_30_214846_add_facebook_id_to_users_table',3),(37,'2024_02_12_093458_add_options_to_guests',4),(38,'2024_02_29_133403_add_order_to_restaurants',5),(39,'2024_02_29_133651_add_role_id_to_users_table',5),(40,'2024_03_06_101057_create_categories_table',6),(41,'2024_03_07_132308_add_slug_to_categories',6),(42,'2024_03_10_180305_create_categories_restaurants_table',7),(43,'2024_03_14_104010_add_position_to_restaurants_table',8),(44,'2024_04_08_073121_create_profile_table',9),(45,'2024_04_08_075730_add_profile_to_contacts_table',9),(46,'2024_04_08_075943_create_categories_profile_table',9),(47,'2024_04_08_100519_create_gallery_table',9),(48,'2024_04_12_102547_add_name_to_invitation_table',10),(49,'2024_04_12_135153_modify_menu_option_on_guest_table',11);
/*!40000 ALTER TABLE `migrations` ENABLE KEYS */;
UNLOCK TABLES;

--
-- Table structure for table `musicians`
--

DROP TABLE IF EXISTS `musicians`;
/*!40101 SET @saved_cs_client     = @@character_set_client */;
/*!40101 SET character_set_client = utf8 */;
CREATE TABLE `musicians` (
  `id` bigint(20) unsigned NOT NULL AUTO_INCREMENT,
  `name` varchar(255) NOT NULL,
  `slug` varchar(255) NOT NULL,
  `coverImg` varchar(255) NOT NULL,
  `logo` varchar(255) NOT NULL,
  `phone` varchar(255) NOT NULL,
  `description` longtext NOT NULL,
  `user_id` bigint(20) unsigned NOT NULL,
  `subtitle` varchar(255) DEFAULT NULL,
  `facebook` varchar(255) DEFAULT NULL,
  `instagram` varchar(255) DEFAULT NULL,
  `twitter` varchar(255) DEFAULT NULL,
  `youtube` varchar(255) DEFAULT NULL,
  `weblink` varchar(255) DEFAULT NULL,
  `created_at` timestamp NULL DEFAULT NULL,
  `updated_at` timestamp NULL DEFAULT NULL,
  `lat` double(20,10) DEFAULT NULL,
  `lng` double(20,10) DEFAULT NULL,
  PRIMARY KEY (`id`),
  KEY `musicians_user_id_foreign` (`user_id`),
  CONSTRAINT `musicians_user_id_foreign` FOREIGN KEY (`user_id`) REFERENCES `users` (`id`) ON DELETE CASCADE
) ENGINE=InnoDB AUTO_INCREMENT=15 DEFAULT CHARSET=utf8mb4 COLLATE=utf8mb4_unicode_ci;
/*!40101 SET character_set_client = @saved_cs_client */;

--
-- Dumping data for table `musicians`
--

LOCK TABLES `musicians` WRITE;
/*!40000 ALTER TABLE `musicians` DISABLE KEYS */;
INSERT INTO `musicians` VALUES (1,'Virtuoz Band','virtuoz-band','93767-IMG_8923.JPG','84311-virtuozband-logo.jpeg','076 561 006','<p>Добредојдовте на нашиот музички свет, каде што љубовта, веселбата и вистинската забава стануваат едно! Ние сме Virtuouz Band, твојот совршен избор за музичко доживување на свадбени прослави и настаните кои ги прават специјални.</p>\r\n\r\n<p>Сме бенд составен од искусни и талентирани музичари, предани на идејата да ја трансформираме вашата свадба или било кој друг настан во незаборавно искуство. Нашата мисија е да создадеме атмосфера полна со радост, емоции и бескрајни моменти на забава.</p>\r\n\r\n<p>Со вистински македонски инструменти, ние го донесуваме автентичниот и изразителен звук на народната и забавната македонска музика. Од традиционалните тамбурашки мелодии до сочни ритмови на нашите инструменти, ние го носиме духот на македонската музичка наследба.</p>\r\n\r\n<p>Нашата филозофија е да го прилагодиме нашиот репертоар според вашите желби и потреби. Нудиме разнообразен избор на музика, вклучувајќи ги народните хитови, современите хитови и класичните балкански ритмови.</p>\r\n\r\n<p>Со Virtuouz Band, не само што гарантираме музичка перформанса, туку и ја создаваме вистинската конекција со нашата публика. Секој настан за нас е уникатен и го третираме со посебна внимателност и професионализам.</p>\r\n\r\n<p>Доверете ни ги вашите најважни моменти и дозволете ни да ги претвориме во магични искуства. Контактирајте не денес и резервирајте го вашиот термин, бидејќи Virtuouz Band е тука за да го направи вашиот настан незаборавен и уникатен!</p>',24,'Musician  / Band','https://www.facebook.com/profile.php?id=61556183235280','https://www.instagram.com/grupavirtuoz/','n/a','https://www.youtube.com/@grupavirtuoz','https://dragigosti.com/musicians/virtuous-band','2024-02-26 22:11:37','2024-02-28 11:56:12',41.9991689272,21.3878093726),(2,'Група Маестро','grupa-maestro','5654-maestro-band.jpeg','35489-maestro-logo.jpeg','078 939 534','<p>Група МАЕСТРО е музички состав од Скопје основан 2012 година, кој настапува на сите видови свечености и прослави: свадби, крштевки, веридби, матурски и апсолвентски вечери, деловни прослави и сл. Група МАЕСТРО интерпретира македонски народни и новокомпонирани песни и ора, балканска народна и популарна музика, светски популарни хитови, како и класична и евергрин инструментална музика и е една од ретките во Македонија кои можат да ги задоволат сите музички вкусови со богатиот и разновиден репертоар. Група МАЕСТРО е редовен учесник на фестивалите за новокомпонирана македонска фолк музика: &quot;Валандово&quot;, &quot;Цветници&quot;, &quot;Роса&quot;, &quot;Охрид фест&quot; и др. како и дел од концертите на најпознатите музички имиња.</p>\r\n\r\n<p></p>\r\n\r\n<p>Членови:</p>\r\n\r\n<p>Илија Филиповски - виолина</p>\r\n\r\n<p>Александар Тренкоски - кларинет и саксофон</p>\r\n\r\n<p>Војче Петрушев - хармоника</p>\r\n\r\n<p>Кирил Митоски - вокал</p>\r\n\r\n<p>Љупче Ѓоргиев - клавијатури, кавал и зурла</p>\r\n\r\n<p>Гаврило Дуковски - ударни инструменти и тапан</p>',25,'Musician / Band','https://www.facebook.com/GrupaMaestro','https://www.instagram.com/grupamaestro/','n/a','https://youtube.com/@GrupaMaestro','https://grupamaestro.mk/','2024-02-26 23:53:08','2024-04-02 19:27:15',41.9981294000,21.4254355000),(3,'DJ IRIE SCRTACH','dj-irie-scrtach','62845-IMG_9120.JPG','3791-SureShotz Ent_logo (1)_page-0001.jpg','+38978685834','<p></p>\r\n\r\n<p dir=\"ltr\">Irie Scratch е предводник на новата генерација на диџеи во Македонија и член на Sure Shotz Entertainment. После 15 години на сцената, има големо домашно и интернационално искуство, 7 години резиденција на party островот Иос во Грција како и многубројни клубски и фестивалски настапи во Македонија и регионот. Тој е препознатлив по постојана иновација, поставување нови трендови и туркање на хип-хоп сцената напред, инспириран од различни жанрови и култури - од хаус до реге и се измеѓу. Во пандемијата го започнува својот последен проект, Pandamonium Radio, со цел на промовирање на културата и поврзување на луѓето вклучени во неа - преку неделен поткаст, содржина на социјални мрежи, како и вмрежување преку нови платформи како Дискорд. Во последно време се враќа на своите корени на снимање и објавување на миксови, како и курирање на Spotify плејлисти.</p>\r\n\r\n<p></p>',38,'spinning records, blending styles, bending genres, drinking tons, setting trends, having fun.','https://www.facebook.com/sureshotzmk','https://www.instagram.com/iriescratch/','n/a','https://www.youtube.com/@IrieScratch','n/a','2024-03-20 22:00:26','2024-03-20 22:00:26',NULL,NULL),(4,'DJ Nasty','dj-nasty','34137-IMG_4328 (1).jpg','16962-SureShotz Ent_logo (1)_page-0001.jpg','+389 75 999 740','<p>Активен на сцената како DJ повеќе од 10 години и член на Sure Shotz. Најчесто врти нов клубски хип-хоп, аренби и throwbacks, а истовремено е голем љубител на afrobeat.<br />\r\nВо последно време има фокус на миксови, рутини и turntablism, и во 2020 го започна серијалот наречен rhythm&amp;tones на неговиот инстаграм профил.<br />\r\n&nbsp;</p>',40,'Emotions are contagious, Music moves you even when you refuse to dance.','n/a','https://www.instagram.com/djnaasty','n/a','n/a','n/a','2024-03-28 20:31:18','2024-03-28 20:31:18',NULL,NULL),(5,'OGIPSILON','ogipsilon','52811-20230401-Mask_n_Shake-235.jpg','13521-SureShotz Ent_logo (1).jpg','+389 72 233 924','<p></p>\r\n\r\n<p>Ogipsilon е диџеј и продуцент од Скопје, најмладиот член на екипата на Sure Shotz. Неговата диџејска кариера започнува во 2017 година, а досега има настапувано на повеќе настани и фестивали во Македонија, меѓу кои: D Festival, Trapslavia, April Fool&rsquo;s Shake во МКЦ, Skopje Shake, како и повеќе различни клубови низ целата држава. Стилот му се заснова на трап звук излезен после 2012 година, постојано е во тек со новите трендови и изданија, а неретко знае и да оддаде почит и во своите сетови да вметне постари хип-хоп класици. Како продуцент, досега има издадено еден beat-tape, A Turn For The Better, и е продуцент на синглови на различни артисти од сцената.</p>',41,'Dj/Producer','n/a','https://www.instagram.com/ogipsilon/','n/a','https://www.youtube.com/@ogipsilon7820','n/a','2024-03-28 21:58:48','2024-03-28 21:58:48',41.9981294000,21.4254355000),(7,'DJ Shorty P','dj-shorty-p','85086-shorty p 2.jpg','48606-SureShotz Ent_logo (1).jpg','070 269 993','<p>Shorty P познат како Панчо е вистински OG на македонската сцена, и основач на Sure Shotz Entertainment кој годинава слави 20 години постоење. Неговата посветеност кон хип-хоп културата во текот на кариерата му носи безброј клубски резиденции и фестивалски настапи, како низ Македонија така и во странство, како и радио емисија на #1 станицата во Македонија - Antenna5. Како промотер, тој е причината за настапите на многу хип-хоп легенди во Македонија, какo: XZIBIT, KRS One, Pete Rock &amp; CL Smooth, DJ Premier, Jazzy Jeff и многу други. Во последните години, тој и неговата екипа се познати по настаните SPICY, ШИЗИ, SHAYO и SHAKE.</p>',42,'Pancho | DNK','https://www.facebook.com/pancho.shortydnk','https://www.instagram.com/djshortypofficial/','n/a',NULL,'n/a','2024-04-01 19:05:35','2024-04-01 19:05:35',NULL,NULL),(8,'Артист Бенд','artist-bend','25104-bend.jpg','80545-logo-artist.png','078538133','<p>Артист Бенд е во состав од пет члена: пејач - Кристијан Тасевски, клавијатуристи - Даниел Маневски и Никола Николовски, дувачки инструменти - Теодор Љушкоски и тапанар - Душан Ангеловски.</p>\r\n\r\n<p></p>\r\n\r\n<p>Бендот веќе неколку години настапува низ целата држава нудејќи богата програма од забавни и народни, македонски, балкански и светски хитови.</p>\r\n\r\n<p></p>\r\n\r\n<p>Сето ова може да се забележи и на нивниот youtube канал каде што имаат направено кавер верзии на песни од најширок спектар.&nbsp;</p>\r\n\r\n<p></p>\r\n\r\n<p>Покрај препеаните кавери, имаат реализирано и две авторски песни</p>\r\n\r\n<p>&bdquo;Ѕвездо моја&ldquo; и &bdquo;После тебе.&ldquo;</p>',51,'We make music, we make art','https://www.facebook.com/artist.band.mk?mibextid=ZbWKwL','https://www.instagram.com/artistband_official?igsh=ZHpyZ3lwaHR3MDk=','n/a','https://youtube.com/@artistband5878?si=2mSfZtEoLicfDB_F','n/a','2024-04-18 17:45:38','2024-04-18 19:21:02',NULL,NULL),(9,'BokaConga','bokaconga','18800-1713470892373734.jpg','56113-Screenshot 2024-04-19 at 13.03.08.png','077729533','<h2 dir=\"auto\" style=\"text-align:center\">Latino performer accompanied by a Dj and a band</h2>\r\n\r\n<p dir=\"auto\" style=\"text-align: center;\"><iframe allow=\"accelerometer; autoplay; clipboard-write; encrypted-media; gyroscope; picture-in-picture; web-share\" allowfullscreen=\"\" frameborder=\"0\" height=\"560\" scrolling=\"no\" src=\"https://www.youtube.com/embed/lHTrx7HqTj4\" title=\"YouTube video player\" width=\"800\"></iframe></p>\r\n\r\n<p style=\"text-align:center\"><iframe allow=\"autoplay; clipboard-write; encrypted-media; picture-in-picture; web-share\" allowfullscreen=\"true\" frameborder=\"0\" height=\"626\" scrolling=\"no\" src=\"https://www.facebook.com/plugins/post.php?href=https%3A%2F%2Fwww.facebook.com%2Fbojanbokaconga%2Fposts%2Fpfbid0spA9rtLLTxRJwuRi2ZMKvup28XPVwBFBMKbiLwkBhRd93XW4xiUND37WLLAHwhJSl&amp;show_text=true&amp;width=500\" width=\"800\"></iframe></p>\r\n\r\n<p style=\"text-align:center\"><iframe allow=\"autoplay; clipboard-write; encrypted-media; picture-in-picture; web-share\" allowfullscreen=\"true\" frameborder=\"0\" height=\"671\" scrolling=\"no\" src=\"https://www.facebook.com/plugins/post.php?href=https%3A%2F%2Fwww.facebook.com%2Fbojanbokaconga%2Fposts%2Fpfbid0a3m76iQjJF7JpXwzMUFBeLCJVBkPQrXBHd9aXdXafZZZ3ftcEuU9RWRKXKewgApil&amp;show_text=true&amp;width=500\" width=\"800\"></iframe></p>\r\n\r\n<p style=\"text-align:center\"><iframe align=\"middle\" allow=\"autoplay; clipboard-write; encrypted-media; picture-in-picture; web-share\" allowfullscreen=\"true\" frameborder=\"1\" height=\"905\" scrolling=\"yes\" src=\"https://www.facebook.com/plugins/post.php?href=https%3A%2F%2Fwww.facebook.com%2Fbojanbokaconga%2Fposts%2Fpfbid02z81cnboB4xdHzeMGDXFwAVF4mPrNGc5enBVgm3QnTvNrxkE4f7UVpx7n9Wy3LhBql&amp;width=800&amp;show_text=true&amp;appId=765586645616557&amp;height=905\" width=\"800\"></iframe></p>\r\n\r\n<p></p>',52,'Artist','https://www.facebook.com/bojanbokaconga','https://www.instagram.com/bokaconga/','n/a','n/a','https://bokaconga.com/','2024-04-18 19:29:46','2024-04-19 10:11:44',41.9981294000,21.4254355000),(10,'ConTruDJ','contrudj','52760-band-cover.jpg','27067-LogotoNaPostuvanjeto.png','076 482 936','<p>ConTruDj се формирани&nbsp;во 2007 година во Битола, Македонија, каде што започнаа да работат како кавер бенд на живо, мешајќи конги и труби&nbsp;во хаус&nbsp;музиката.&nbsp; Нивните омилени стилови&nbsp;се афро хаус, фанк хаус, диско хаус, латино&nbsp;хаус.</p>\r\n\r\n<p>Изведуваат&nbsp;самостојно но и соработуваат со познати музичари во Балканот и надвор од него.</p>\r\n\r\n<p>ConTruDj настапуваат редовно на големи фестивали и концерти заедно со ѕвезди како Горан Бреговиќ, Сенида, S.A.R.S., Дубиоза Колектив и многу други&nbsp; музички ѕвезди во земјата и на Балканот.</p>',53,'Congas, Trumpet and DJ trio bringing the heat with Afro Funk House groove. 🪘🎺🎧','https://www.facebook.com/ConTruDj/','https://instagram.com/contrudj','n/a','https://youtube.com/@ConTruDjOfficial','n/a','2024-04-18 20:58:08','2024-04-19 09:45:22',NULL,NULL),(11,'Тони Зен','toni-zen','9596-toni-dj.jpeg','52695-Screenshot 2024-04-19 at 13.37.10.png','078350702','<p><iframe allow=\"accelerometer; autoplay; clipboard-write; encrypted-media; gyroscope; picture-in-picture; web-share\" allowfullscreen=\"\" frameborder=\"0\" height=\"600\" referrerpolicy=\"strict-origin-when-cross-origin\" scrolling=\"no\" src=\"https://www.youtube.com/embed/eXJ37J5sqqg?si=WEHD__spJArDrRPr\" title=\"YouTube video player\" width=\"560\"></iframe></p>\r\n\r\n<p><iframe allow=\"accelerometer; autoplay; clipboard-write; encrypted-media; gyroscope; picture-in-picture; web-share\" allowfullscreen=\"\" frameborder=\"0\" height=\"600\" referrerpolicy=\"strict-origin-when-cross-origin\" scrolling=\"no\" src=\"https://www.youtube.com/embed/K7w3NEvdSg8?si=OGlsQaHi0hnGtQPj\" title=\"YouTube video player\" width=\"560\"></iframe><iframe allow=\"accelerometer; autoplay; clipboard-write; encrypted-media; gyroscope; picture-in-picture; web-share\" allowfullscreen=\"\" frameborder=\"0\" height=\"600\" referrerpolicy=\"strict-origin-when-cross-origin\" scrolling=\"no\" src=\"https://www.youtube.com/embed/4U5-AnHjeIE?si=EjNlLKnmNiPLVTID\" title=\"YouTube video player\" width=\"560\"></iframe><iframe allow=\"accelerometer; autoplay; clipboard-write; encrypted-media; gyroscope; picture-in-picture; web-share\" allowfullscreen=\"\" frameborder=\"0\" height=\"600\" referrerpolicy=\"strict-origin-when-cross-origin\" scrolling=\"no\" src=\"https://www.youtube.com/embed/Zi44hRrDqVY?si=evSEpoBt3wsH9YHJ\" title=\"YouTube video player\" width=\"560\"></iframe></p>\r\n\r\n<p><iframe allow=\"accelerometer; autoplay; clipboard-write; encrypted-media; gyroscope; picture-in-picture; web-share\" allowfullscreen=\"\" frameborder=\"0\" height=\"600\" referrerpolicy=\"strict-origin-when-cross-origin\" scrolling=\"no\" src=\"https://www.youtube.com/embed/EW3erEsTX_E?si=VMVRbkJ9XWeeiU02\" title=\"YouTube video player\" width=\"560\"></iframe><iframe allow=\"accelerometer; autoplay; clipboard-write; encrypted-media; gyroscope; picture-in-picture; web-share\" allowfullscreen=\"\" frameborder=\"0\" height=\"600\" referrerpolicy=\"strict-origin-when-cross-origin\" scrolling=\"no\" src=\"https://www.youtube.com/embed/FsIMjQnZ5ns?si=oyXsVT_cdj0bBSoY\" title=\"YouTube video player\" width=\"560\"></iframe></p>',54,'Артист','https://www.facebook.com/Toniverse','https://www.instagram.com/tonizentoni/','n/a','https://www.youtube.com/@TheOfficialToniZen','n/a','2024-04-19 10:45:18','2024-04-19 11:07:06',41.6086350000,21.7452750000),(12,'Контраплан','kontraplan','82026-86633702_3722519587788823_228646166005284864_n.jpg','24769-85092654_3716089558431826_2674775975476068352_n.jpg','078 450 210','<p></p>\r\n\r\n<p>Контраплан е бенд кој веќе 14 години активно настапува на Македонската забавна музичка сцена. Во репертоарот има над 150 странски, Македонски и ex-Yu хитови, а со својата енергија на сцената ги оживува најдобрите моменти од музичката историја. Бендот е составен од 5 члена: 2 вокали (женски и машки), гитара, бас и бубањ, секогаш подготвени вашиот настан да го претворат во вистинско музичко искуство.</p>\r\n\r\n<p></p>',56,'Вашиот омилен кавер бенд','https://www.facebook.com/Kontraplaan/','n/a','n/a','https://www.youtube.com/@kontraplan8673','n/a','2024-04-22 14:54:24','2024-04-22 14:54:24',NULL,NULL),(13,'Идеал Бенд','ideal-bend','28673-Slika (2).jpg','32380-Logo ideal.PNG','075/873-831','<p>&nbsp;Идеал Бенд Скопје е повеќе од само музичка група составена од млади и талентирани музички артисти &ndash; тие се симбол на младинскиот дух и енергија, кои неуморно работат за да ја пренесат својата страст кон музиката на секој кој ќе ги слушне. Со својата разновидност и уникатен пристап, без разлика дали се работи за македонска традиционална музика или за светски познати хитови тие го обединуваат минатото и сегашноста, создавајќи незаборавни музички моменти за сите генерации.&nbsp;</p>\r\n\r\n<p></p>\r\n\r\n<p></p>',67,'Совршен избор кој Вашите свадби или приватни забави ќе ги направи да бидат ИДЕАЛНИ !','https://www.facebook.com/profile.php?id=100090368746384&locale=mk_MK','https://www.instagram.com/idealbandskopje/','n/a','https://youtu.be/Yno9HtUb30w?si=o-7IBGkFCryB-z7k','n/a','2024-05-17 20:19:20','2024-05-17 20:23:01',NULL,NULL),(14,'DJ Александар Јорданов','dj-aleksandar-jordanov','67482-DJ Aleksandar.jpg','75824-V1.png','078 601 879','<p>Swing, NuJazz &amp; 70&#39;S,80&#39;S, 90&#39;S Music!<br />\r\nDance Like No One&#39;s Watching!</p>\r\n\r\n<p></p>\r\n\r\n<p></p>\r\n\r\n<blockquote class=\"instagram-media\" data-instgrm-captioned data-instgrm-permalink=\"https://www.instagram.com/reel/CuT7f3GssYK/?utm_source=ig_embed&amp;utm_campaign=loading\" data-instgrm-version=\"14\" style=\" background:#FFF; border:0; border-radius:3px; box-shadow:0 0 1px 0 rgba(0,0,0,0.5),0 1px 10px 0 rgba(0,0,0,0.15); margin: 1px; max-width:540px; min-width:326px; padding:0; width:99.375%; width:-webkit-calc(100% - 2px); width:calc(100% - 2px);\"><div style=\"padding:16px;\"> <a href=\"https://www.instagram.com/reel/CuT7f3GssYK/?utm_source=ig_embed&amp;utm_campaign=loading\" style=\" background:#FFFFFF; line-height:0; padding:0 0; text-align:center; text-decoration:none; width:100%;\" target=\"_blank\"> <div style=\" display: flex; flex-direction: row; align-items: center;\"> <div style=\"background-color: #F4F4F4; border-radius: 50%; flex-grow: 0; height: 40px; margin-right: 14px; width: 40px;\"></div> <div style=\"display: flex; flex-direction: column; flex-grow: 1; justify-content: center;\"> <div style=\" background-color: #F4F4F4; border-radius: 4px; flex-grow: 0; height: 14px; margin-bottom: 6px; width: 100px;\"></div> <div style=\" background-color: #F4F4F4; border-radius: 4px; flex-grow: 0; height: 14px; width: 60px;\"></div></div></div><div style=\"padding: 19% 0;\"></div> <div style=\"display:block; height:50px; margin:0 auto 12px; width:50px;\"><svg width=\"50px\" height=\"50px\" viewBox=\"0 0 60 60\" version=\"1.1\" xmlns=\"https://www.w3.org/2000/svg\" xmlns:xlink=\"https://www.w3.org/1999/xlink\"><g stroke=\"none\" stroke-width=\"1\" fill=\"none\" fill-rule=\"evenodd\"><g transform=\"translate(-511.000000, -20.000000)\" fill=\"#000000\"><g><path d=\"M556.869,30.41 C554.814,30.41 553.148,32.076 553.148,34.131 C553.148,36.186 554.814,37.852 556.869,37.852 C558.924,37.852 560.59,36.186 560.59,34.131 C560.59,32.076 558.924,30.41 556.869,30.41 M541,60.657 C535.114,60.657 530.342,55.887 530.342,50 C530.342,44.114 535.114,39.342 541,39.342 C546.887,39.342 551.658,44.114 551.658,50 C551.658,55.887 546.887,60.657 541,60.657 M541,33.886 C532.1,33.886 524.886,41.1 524.886,50 C524.886,58.899 532.1,66.113 541,66.113 C549.9,66.113 557.115,58.899 557.115,50 C557.115,41.1 549.9,33.886 541,33.886 M565.378,62.101 C565.244,65.022 564.756,66.606 564.346,67.663 C563.803,69.06 563.154,70.057 562.106,71.106 C561.058,72.155 560.06,72.803 558.662,73.347 C557.607,73.757 556.021,74.244 553.102,74.378 C549.944,74.521 548.997,74.552 541,74.552 C533.003,74.552 532.056,74.521 528.898,74.378 C525.979,74.244 524.393,73.757 523.338,73.347 C521.94,72.803 520.942,72.155 519.894,71.106 C518.846,70.057 518.197,69.06 517.654,67.663 C517.244,66.606 516.755,65.022 516.623,62.101 C516.479,58.943 516.448,57.996 516.448,50 C516.448,42.003 516.479,41.056 516.623,37.899 C516.755,34.978 517.244,33.391 517.654,32.338 C518.197,30.938 518.846,29.942 519.894,28.894 C520.942,27.846 521.94,27.196 523.338,26.654 C524.393,26.244 525.979,25.756 528.898,25.623 C532.057,25.479 533.004,25.448 541,25.448 C548.997,25.448 549.943,25.479 553.102,25.623 C556.021,25.756 557.607,26.244 558.662,26.654 C560.06,27.196 561.058,27.846 562.106,28.894 C563.154,29.942 563.803,30.938 564.346,32.338 C564.756,33.391 565.244,34.978 565.378,37.899 C565.522,41.056 565.552,42.003 565.552,50 C565.552,57.996 565.522,58.943 565.378,62.101 M570.82,37.631 C570.674,34.438 570.167,32.258 569.425,30.349 C568.659,28.377 567.633,26.702 565.965,25.035 C564.297,23.368 562.623,22.342 560.652,21.575 C558.743,20.834 556.562,20.326 553.369,20.18 C550.169,20.033 549.148,20 541,20 C532.853,20 531.831,20.033 528.631,20.18 C525.438,20.326 523.257,20.834 521.349,21.575 C519.376,22.342 517.703,23.368 516.035,25.035 C514.368,26.702 513.342,28.377 512.574,30.349 C511.834,32.258 511.326,34.438 511.181,37.631 C511.035,40.831 511,41.851 511,50 C511,58.147 511.035,59.17 511.181,62.369 C511.326,65.562 511.834,67.743 512.574,69.651 C513.342,71.625 514.368,73.296 516.035,74.965 C517.703,76.634 519.376,77.658 521.349,78.425 C523.257,79.167 525.438,79.673 528.631,79.82 C531.831,79.965 532.853,80.001 541,80.001 C549.148,80.001 550.169,79.965 553.369,79.82 C556.562,79.673 558.743,79.167 560.652,78.425 C562.623,77.658 564.297,76.634 565.965,74.965 C567.633,73.296 568.659,71.625 569.425,69.651 C570.167,67.743 570.674,65.562 570.82,62.369 C570.966,59.17 571,58.147 571,50 C571,41.851 570.966,40.831 570.82,37.631\"></path></g></g></g></svg></div><div style=\"padding-top: 8px;\"> <div style=\" color:#3897f0; font-family:Arial,sans-serif; font-size:14px; font-style:normal; font-weight:550; line-height:18px;\">View this post on Instagram</div></div><div style=\"padding: 12.5% 0;\"></div> <div style=\"display: flex; flex-direction: row; margin-bottom: 14px; align-items: center;\"><div> <div style=\"background-color: #F4F4F4; border-radius: 50%; height: 12.5px; width: 12.5px; transform: translateX(0px) translateY(7px);\"></div> <div style=\"background-color: #F4F4F4; height: 12.5px; transform: rotate(-45deg) translateX(3px) translateY(1px); width: 12.5px; flex-grow: 0; margin-right: 14px; margin-left: 2px;\"></div> <div style=\"background-color: #F4F4F4; border-radius: 50%; height: 12.5px; width: 12.5px; transform: translateX(9px) translateY(-18px);\"></div></div><div style=\"margin-left: 8px;\"> <div style=\" background-color: #F4F4F4; border-radius: 50%; flex-grow: 0; height: 20px; width: 20px;\"></div> <div style=\" width: 0; height: 0; border-top: 2px solid transparent; border-left: 6px solid #f4f4f4; border-bottom: 2px solid transparent; transform: translateX(16px) translateY(-4px) rotate(30deg)\"></div></div><div style=\"margin-left: auto;\"> <div style=\" width: 0px; border-top: 8px solid #F4F4F4; border-right: 8px solid transparent; transform: translateY(16px);\"></div> <div style=\" background-color: #F4F4F4; flex-grow: 0; height: 12px; width: 16px; transform: translateY(-4px);\"></div> <div style=\" width: 0; height: 0; border-top: 8px solid #F4F4F4; border-left: 8px solid transparent; transform: translateY(-4px) translateX(8px);\"></div></div></div> <div style=\"display: flex; flex-direction: column; flex-grow: 1; justify-content: center; margin-bottom: 24px;\"> <div style=\" background-color: #F4F4F4; border-radius: 4px; flex-grow: 0; height: 14px; margin-bottom: 6px; width: 224px;\"></div> <div style=\" background-color: #F4F4F4; border-radius: 4px; flex-grow: 0; height: 14px; width: 144px;\"></div></div></a><p style=\" color:#c9c8cd; font-family:Arial,sans-serif; font-size:14px; line-height:17px; margin-bottom:0; margin-top:8px; overflow:hidden; padding:8px 0 7px; text-align:center; text-overflow:ellipsis; white-space:nowrap;\"><a href=\"https://www.instagram.com/reel/CuT7f3GssYK/?utm_source=ig_embed&amp;utm_campaign=loading\" style=\" color:#c9c8cd; font-family:Arial,sans-serif; font-size:14px; font-style:normal; font-weight:normal; line-height:17px; text-decoration:none;\" target=\"_blank\">A post shared by Aleksandar Jordanov (@djordanovaleksandar)</a></p></div></blockquote> <script async src=\"//www.instagram.com/embed.js\"></script>',69,'Djing (Electro Swing, NuJazz & Disco Music)','https://www.facebook.com/p/Dj-Aleksandar-Jordanov-100063251978647/','https://www.instagram.com/djordanovaleksandar/','n/a','n/a','n/a','2024-05-23 21:34:08','2024-05-23 23:38:02',NULL,NULL);
/*!40000 ALTER TABLE `musicians` ENABLE KEYS */;
UNLOCK TABLES;

--
-- Table structure for table `password_reset_tokens`
--

DROP TABLE IF EXISTS `password_reset_tokens`;
/*!40101 SET @saved_cs_client     = @@character_set_client */;
/*!40101 SET character_set_client = utf8 */;
CREATE TABLE `password_reset_tokens` (
  `email` varchar(255) NOT NULL,
  `token` varchar(255) NOT NULL,
  `created_at` timestamp NULL DEFAULT NULL,
  PRIMARY KEY (`email`)
) ENGINE=InnoDB DEFAULT CHARSET=utf8mb4 COLLATE=utf8mb4_unicode_ci;
/*!40101 SET character_set_client = @saved_cs_client */;

--
-- Dumping data for table `password_reset_tokens`
--

LOCK TABLES `password_reset_tokens` WRITE;
/*!40000 ALTER TABLE `password_reset_tokens` DISABLE KEYS */;
INSERT INTO `password_reset_tokens` VALUES ('barbara_casazzafwzf@outlook.com','$2y$10$eln3vY8lkSDHiVOKAW3zeO0RJQ2zacA.ZUCTASaN7erGtj9bwCELq','2024-03-12 16:21:00'),('gfelisiti5629@gmail.com','$2y$10$XKhkWaCVYqIEeSnBB6vB/O80UvefJBuflM3UGcA8eE8hznBPFvQ0u','2024-02-04 19:33:45'),('martin@pingdevs.com','$2y$10$iK6WwNiWQEfKAhR/OS78Nu6cCpUKMkBhOv5C3DimGRRDIu4M/68.S','2024-04-04 19:36:58'),('steveoldvz42@gmail.com','$2y$10$AVs3upDmguRFz65H1PUcoexyCshnANPmbuk8ZCTQ0I60N.koEs7Z2','2024-04-12 01:40:40'),('vinonnaelliss18@gmail.com','$2y$10$AGTC07hmrlGHpihCflKf0.pdshUgVSh6AeQIKJEpEEEcXj/cqZwOu','2024-05-09 14:36:45');
/*!40000 ALTER TABLE `password_reset_tokens` ENABLE KEYS */;
UNLOCK TABLES;

--
-- Table structure for table `password_resets`
--

DROP TABLE IF EXISTS `password_resets`;
/*!40101 SET @saved_cs_client     = @@character_set_client */;
/*!40101 SET character_set_client = utf8 */;
CREATE TABLE `password_resets` (
  `email` varchar(255) NOT NULL,
  `token` varchar(255) NOT NULL,
  `created_at` timestamp NULL DEFAULT NULL,
  KEY `password_resets_email_index` (`email`)
) ENGINE=InnoDB DEFAULT CHARSET=utf8mb4 COLLATE=utf8mb4_unicode_ci;
/*!40101 SET character_set_client = @saved_cs_client */;

--
-- Dumping data for table `password_resets`
--

LOCK TABLES `password_resets` WRITE;
/*!40000 ALTER TABLE `password_resets` DISABLE KEYS */;
/*!40000 ALTER TABLE `password_resets` ENABLE KEYS */;
UNLOCK TABLES;

--
-- Table structure for table `personal_access_tokens`
--

DROP TABLE IF EXISTS `personal_access_tokens`;
/*!40101 SET @saved_cs_client     = @@character_set_client */;
/*!40101 SET character_set_client = utf8 */;
CREATE TABLE `personal_access_tokens` (
  `id` bigint(20) unsigned NOT NULL AUTO_INCREMENT,
  `tokenable_type` varchar(255) NOT NULL,
  `tokenable_id` bigint(20) unsigned NOT NULL,
  `name` varchar(255) NOT NULL,
  `token` varchar(64) NOT NULL,
  `abilities` text DEFAULT NULL,
  `last_used_at` timestamp NULL DEFAULT NULL,
  `expires_at` timestamp NULL DEFAULT NULL,
  `created_at` timestamp NULL DEFAULT NULL,
  `updated_at` timestamp NULL DEFAULT NULL,
  PRIMARY KEY (`id`),
  UNIQUE KEY `personal_access_tokens_token_unique` (`token`),
  KEY `personal_access_tokens_tokenable_type_tokenable_id_index` (`tokenable_type`,`tokenable_id`)
) ENGINE=InnoDB DEFAULT CHARSET=utf8mb4 COLLATE=utf8mb4_unicode_ci;
/*!40101 SET character_set_client = @saved_cs_client */;

--
-- Dumping data for table `personal_access_tokens`
--

LOCK TABLES `personal_access_tokens` WRITE;
/*!40000 ALTER TABLE `personal_access_tokens` DISABLE KEYS */;
/*!40000 ALTER TABLE `personal_access_tokens` ENABLE KEYS */;
UNLOCK TABLES;

--
-- Table structure for table `photographers`
--

DROP TABLE IF EXISTS `photographers`;
/*!40101 SET @saved_cs_client     = @@character_set_client */;
/*!40101 SET character_set_client = utf8 */;
CREATE TABLE `photographers` (
  `id` bigint(20) unsigned NOT NULL AUTO_INCREMENT,
  `name` varchar(255) NOT NULL,
  `slug` varchar(255) NOT NULL,
  `coverImg` varchar(255) NOT NULL,
  `logo` varchar(255) NOT NULL,
  `phone` varchar(255) NOT NULL,
  `description` longtext NOT NULL,
  `user_id` bigint(20) unsigned NOT NULL,
  `subtitle` varchar(255) DEFAULT NULL,
  `facebook` varchar(255) DEFAULT NULL,
  `instagram` varchar(255) DEFAULT NULL,
  `twitter` varchar(255) DEFAULT NULL,
  `youtube` varchar(255) DEFAULT NULL,
  `weblink` varchar(255) DEFAULT NULL,
  `lat` double(20,10) DEFAULT NULL,
  `lng` double(20,10) DEFAULT NULL,
  `created_at` timestamp NULL DEFAULT NULL,
  `updated_at` timestamp NULL DEFAULT NULL,
  `email` varchar(255) NOT NULL,
  PRIMARY KEY (`id`),
  KEY `photographers_user_id_foreign` (`user_id`),
  CONSTRAINT `photographers_user_id_foreign` FOREIGN KEY (`user_id`) REFERENCES `users` (`id`) ON DELETE CASCADE
) ENGINE=InnoDB AUTO_INCREMENT=12 DEFAULT CHARSET=utf8mb4 COLLATE=utf8mb4_unicode_ci;
/*!40101 SET character_set_client = @saved_cs_client */;

--
-- Dumping data for table `photographers`
--

LOCK TABLES `photographers` WRITE;
/*!40000 ALTER TABLE `photographers` DISABLE KEYS */;
INSERT INTO `photographers` VALUES (1,'Photo House','photo-house','45493-photo-1542038784456-1ea8e935640e.jpeg','63069-PH logo.png','+38971268764','<p><br></p><p>📸 Добредојдовте во Photo House - вашиот креативен свет на фотографија! 🌟</p><p>Сакате вечна усмивка на својот лице кога ќе ги гледате вашиот албум од свадбата или специјалниот настан? Photo House е вашиот идеален партнер за секој момент кој сакате да го запомните!</p><p>🎉 Нашите услуги:</p><p>1️⃣ <span style=\"color: var(--tw-prose-bold);\">Снимање на свадби:</span> Од влезот на невестата, до забавата на танцовите - нашите професионални фотографи ќе ги заснемат секој драгоцен миг. Стратегиски позиционирани за да го фиксираат секој детаљ, ќе гарантираме дека вашата свадба ќе биде вечно запамтена.</p><p>2️⃣ <span style=\"color: var(--tw-prose-bold);\">Настански фотосесии:</span> Било декоја пригода, од родендени, годишнини, до корпоративни настани - нашите фотографи ќе создадат уметнички визуели што ќе го одразат духот на вашето славење.</p><p>3️⃣ <span style=\"color: var(--tw-prose-bold);\">Семејни фотосесии:</span> Зачувајте ги моментите со вашата семејна сесија во нашиот студио или на локација по ваш избор. Вашиот осмех е нашата најголема награда!</p><p>🌈 <span style=\"color: var(--tw-prose-bold);\">Зошто Photo House?</span></p><ul><li>📷 <em>Професионални фотографи:</em> Нашите тимови се состојат од искусни и креативни фотографи, способни да го фиксираат магичниот момент.</li><li>🌐 <em>Разновидни услуги:</em> Од свадби до настански фотосесии, секогаш сме тука за вас, подготвени да го заснемаме секоја важна пригода.</li><li>🎨 <em>Уметнички пристап:</em> Во Photo House, фотографиите не се само слики, туку истински уметнички дела што ќе ги исприказат вашите прекрасни приказни.</li></ul><p>📞 <span style=\"color: var(--tw-prose-bold);\">Контактирајте не денес и резервирајте ја вашата дата!</span> Вашите специјални моменти заслужуваат специјални слики, а во Photo House ние ги правиме вашите мечти вистинска уметност.</p><p>📸 <span style=\"color: var(--tw-prose-bold);\">Photo House - Креирајте го вашиот свет, еден кадар наеднаш!</span> 🌟</p>\"',12,'www.photohouse.mk','n/a','n/a','n/a','n/a','n/a',41.9995115202,21.4184486758,'2024-02-07 12:32:26','2024-02-07 12:33:55','milovanovskia@gmail.com'),(6,'Baba 3D Studio','baba-3d-studio','41121-baba.jpeg','33713-22624-Baba 3D.jpg','078-245-137','<p>Дигитализирајте ги Вашите најважни моменти во слика и видео</p>\r\n\r\n<p></p>',19,'Wedding Photography & Videography','https://www.facebook.com/baba3dstudio/','https://www.instagram.com/baba3dstudio/?hl=en','n/a','n/a','n/a',41.9997629000,21.3890689000,'2024-02-15 22:53:52','2024-02-27 00:16:37','baba3dstudio@hotmail.com'),(7,'Showtime Panajoti','showtime-panajoti','57730-05.jpg','61440-logo.jpg','070 239 568','<p>Imagination.... that exceed your expectations!!!</p>',32,'Imagination.... that exceed your expectations!!!','https://www.facebook.com/weddinginstituteshowtime','https://www.instagram.com/panajoti_s_photography/',NULL,NULL,NULL,42.0030569000,21.4008468000,'2024-03-13 18:55:14','2024-03-13 19:01:49','showtimepanajoti@gmail.com'),(9,'Angelkovski Photography','angelkovski-photography','90697-23000131_1557085554352304_2661350770571906843_o.jpg','13799-273992540_4930892390304920_3211421997779672554_n.jpg','070 944 611','<p>Загрлете моментите што ќе трајат вечно со нашите свадбени фотографии и кинематографија. Во светот на вашиот најсреќен ден, ние сме вашите приказнички вешти фотографи и кинематографи, заснемувајќи ги секоја сцена, секоја емоција и секоја убавина на вашиот настан.</p>\r\n\r\n<p>Нашиот пристап е уникатен, фокусиран на вашиот стил, вашиот врвен момент, и на врзувачките меѓу луѓето. Нашите фотографии се повеќе од слики - тие се спомени што се чуваат за секогаш. Прекрасно кадрираните моменти, впечатливата употреба на светлина и сенки и љубовно изработените детали ги одбележуваат нашите свадбени фотографии.</p>\r\n\r\n<p>Истовремено, нашата кинематографија ги оживува моментите, пренесувајќи ја емоцијата и атмосферата на вашиот ден преку движење, музика и звук. Нашиот тим е секогаш присутен, но неприметен, за да ги зачува секој драгоцен миг.</p>\r\n\r\n<p>Со нас, вашата свадба не е само еден ден, туку вечниот спомен, изразен преку красота, љубов и ќеркостија. Дозволете ни да ја зафатиме вашата приказна, за да може да ја испратите во бескрајност. Стапете во наш свет на свадбени фотографии и кинематографија, каде што вашиот момент станува вечен.</p>',35,'Weddings & Events','https://www.facebook.com/AngelovskiPhoto','https://www.instagram.com/angelovskiphoto/',NULL,NULL,'https://www.angelovskiphotography.com',41.9743960000,21.4649339000,'2024-03-14 08:51:42','2024-04-12 07:48:51','nadica.maneva@gmail.com'),(11,'Marry Me Wedding Studio','marry-me-wedding-studio','91943-IMG_2960.JPG','65163-лого1.jpg','070319858','<p>MarryMe Wedding Studio е професионално студио за свадбена фотографија и видео. Долгогодишната, успешна работа ја сведочат и безбројните задоволни клиенти.</p>\r\n\r\n<p>Нашата понуда е лесно прилагодлива на потребите на нашите млади.&nbsp;</p>\r\n\r\n<p>Како дел од нашата понуда, покрај&nbsp;квалитетот, с&eacute; и&nbsp;&nbsp;различните видови на видеа, но и уникатниот&nbsp;стил на фотографија, кои нема да ве остават рамнодушни.</p>\r\n\r\n<p>На располагање сме на нашите идни млади, за дополнителни консултации, прашања, како и можност за презентација на тоа што е дел од нашата понуда, во просториите на нашето студио.</p>',58,'MarryMe Wedd','https://www.facebook.com/MarryMeWedd','https://www.instagram.com/marrymewedd/','.','.','.',NULL,NULL,'2024-05-01 20:17:52','2024-05-01 21:31:21','marrymewedd@gmail.com');
/*!40000 ALTER TABLE `photographers` ENABLE KEYS */;
UNLOCK TABLES;

--
-- Table structure for table `pictures`
--

DROP TABLE IF EXISTS `pictures`;
/*!40101 SET @saved_cs_client     = @@character_set_client */;
/*!40101 SET character_set_client = utf8 */;
CREATE TABLE `pictures` (
  `id` bigint(20) unsigned NOT NULL AUTO_INCREMENT,
  `album_id` bigint(20) unsigned NOT NULL,
  `restaurant_id` bigint(20) unsigned DEFAULT NULL,
  `musician_id` bigint(20) unsigned DEFAULT NULL,
  `photographer_id` bigint(20) unsigned DEFAULT NULL,
  `image` varchar(255) DEFAULT NULL,
  `youtube_link` varchar(255) DEFAULT NULL,
  `created_at` timestamp NULL DEFAULT NULL,
  `updated_at` timestamp NULL DEFAULT NULL,
  PRIMARY KEY (`id`),
  KEY `pictures_album_id_foreign` (`album_id`),
  KEY `pictures_restaurant_id_foreign` (`restaurant_id`),
  KEY `pictures_musician_id_foreign` (`musician_id`),
  KEY `pictures_photographer_id_foreign` (`photographer_id`),
  CONSTRAINT `pictures_album_id_foreign` FOREIGN KEY (`album_id`) REFERENCES `albums` (`id`) ON DELETE CASCADE,
  CONSTRAINT `pictures_musician_id_foreign` FOREIGN KEY (`musician_id`) REFERENCES `musicians` (`id`) ON DELETE CASCADE,
  CONSTRAINT `pictures_photographer_id_foreign` FOREIGN KEY (`photographer_id`) REFERENCES `photographers` (`id`) ON DELETE CASCADE,
  CONSTRAINT `pictures_restaurant_id_foreign` FOREIGN KEY (`restaurant_id`) REFERENCES `restaurants` (`id`) ON DELETE CASCADE
) ENGINE=InnoDB AUTO_INCREMENT=246 DEFAULT CHARSET=utf8mb4 COLLATE=utf8mb4_unicode_ci;
/*!40101 SET character_set_client = @saved_cs_client */;

--
-- Dumping data for table `pictures`
--

LOCK TABLES `pictures` WRITE;
/*!40000 ALTER TABLE `pictures` DISABLE KEYS */;
INSERT INTO `pictures` VALUES (4,2,3,NULL,NULL,'59589-DSC_7564.jpg',NULL,'2024-02-03 18:41:15','2024-02-03 18:41:15'),(5,2,3,NULL,NULL,'53895-viber_image_2022-08-16_10-10-20-821.jpg',NULL,'2024-02-03 18:41:15','2024-02-03 18:41:15'),(6,2,3,NULL,NULL,'18156-viber_image_2022-12-09_12-12-15-989.jpg',NULL,'2024-02-03 18:41:15','2024-02-03 18:41:15'),(7,2,3,NULL,NULL,'54010-viber_image_2022-12-09_12-17-51-419.jpg',NULL,'2024-02-03 18:41:15','2024-02-03 18:41:15'),(8,2,3,NULL,NULL,'4821-zurka 23.jpg',NULL,'2024-02-03 18:41:15','2024-02-03 18:41:15'),(9,2,3,NULL,NULL,'46515-лав надвор.jpg',NULL,'2024-02-03 18:41:15','2024-02-03 18:41:15'),(10,2,3,NULL,NULL,'64789-роденден лав.jpg',NULL,'2024-02-03 18:41:15','2024-02-03 18:41:15'),(29,8,15,NULL,NULL,'66496-288926748_1135852070335433_7335513279467796125_n.jpg',NULL,'2024-02-15 21:32:41','2024-02-15 21:32:41'),(30,8,15,NULL,NULL,'60449-IMG_8891.JPG',NULL,'2024-02-15 21:32:41','2024-02-15 21:32:41'),(31,8,15,NULL,NULL,'29552-IMG_8893.JPG',NULL,'2024-02-15 21:32:41','2024-02-15 21:32:41'),(32,8,15,NULL,NULL,'43666-IMG_8894.JPG',NULL,'2024-02-15 21:32:41','2024-02-15 21:32:41'),(33,8,15,NULL,NULL,'62616-IMG_8895.JPG',NULL,'2024-02-15 21:32:41','2024-02-15 21:32:41'),(34,8,15,NULL,NULL,'70396-IMG_8896.JPG',NULL,'2024-02-15 21:32:41','2024-02-15 21:32:41'),(35,8,15,NULL,NULL,'30154-IMG_8897 2.JPG',NULL,'2024-02-15 21:32:41','2024-02-15 21:32:41'),(36,12,NULL,NULL,6,'55846-22555342_1555383607883176_4735195412720141980_o.jpg',NULL,'2024-02-16 08:50:22','2024-02-16 08:50:22'),(37,12,NULL,NULL,6,'24930-23669159_1582042668550603_2625923495176214193_o.jpg',NULL,'2024-02-16 08:50:22','2024-02-16 08:50:22'),(38,12,NULL,NULL,6,'30321-43604379_1994598367295029_4913905309220601856_n.jpg',NULL,'2024-02-16 08:50:22','2024-02-16 08:50:22'),(39,12,NULL,NULL,6,'27990-51662397_2134134300008101_2886480157650976768_n.jpg',NULL,'2024-02-16 08:50:22','2024-02-16 08:50:22'),(40,12,NULL,NULL,6,'26903-52835969_2172353059519558_4741830274889809920_n.jpg',NULL,'2024-02-16 08:50:22','2024-02-16 08:50:22'),(41,12,NULL,NULL,6,'41409-285864363_5231359263618907_8426038804266461482_n.jpg',NULL,'2024-02-16 08:50:22','2024-02-16 08:50:22'),(42,12,NULL,NULL,6,'94306-353414037_780409836825951_5786985040779155518_n.jpg',NULL,'2024-02-16 08:50:22','2024-02-16 08:50:22'),(43,13,NULL,1,NULL,NULL,'https://www.youtube.com/embed/esqdu3bNCn0','2024-02-26 22:33:03','2024-02-26 22:33:03'),(44,14,NULL,1,NULL,NULL,'https://www.youtube.com/embed/i52ky7M-wC4','2024-02-26 22:34:00','2024-02-26 22:34:00'),(45,15,NULL,1,NULL,NULL,'https://www.youtube.com/embed/yFJScI1VqLk','2024-02-26 22:35:00','2024-02-26 22:35:00'),(46,16,NULL,1,NULL,NULL,'https://www.youtube.com/embed/jrh9oV_XN6Y','2024-02-26 22:41:36','2024-02-26 22:41:36'),(47,17,NULL,1,NULL,NULL,'https://www.youtube.com/embed/BozVp9T_6xI','2024-02-26 22:43:06','2024-02-26 22:43:06'),(62,25,16,NULL,NULL,'19827-290746959_5080837768704164_8381855427406423480_n.jpg',NULL,'2024-03-11 22:55:59','2024-03-11 22:55:59'),(63,25,16,NULL,NULL,'74622-290918684_5080837762037498_7596295428045326116_n.jpg',NULL,'2024-03-11 22:55:59','2024-03-11 22:55:59'),(64,25,16,NULL,NULL,'77704-291491757_5080837758704165_6942127681781268693_n.jpg',NULL,'2024-03-11 22:55:59','2024-03-11 22:55:59'),(65,25,16,NULL,NULL,'41224-298092646_5183422108445729_1867745200770489502_n.jpg',NULL,'2024-03-11 22:55:59','2024-03-11 22:55:59'),(66,25,16,NULL,NULL,'15325-298267066_5183422098445730_270602764584156971_n.jpg',NULL,'2024-03-11 22:55:59','2024-03-11 22:55:59'),(67,25,16,NULL,NULL,'23946-301118655_5219817531472853_1954098307644650586_n.jpg',NULL,'2024-03-11 22:55:59','2024-03-11 22:55:59'),(68,25,16,NULL,NULL,'97543-307159879_5293003570820915_6305827312380187363_n.jpg',NULL,'2024-03-11 22:55:59','2024-03-11 22:55:59'),(69,25,16,NULL,NULL,'81940-307307805_5293003580820914_4829882333326868455_n.jpg',NULL,'2024-03-11 22:55:59','2024-03-11 22:55:59'),(70,25,16,NULL,NULL,'24982-307377373_5293003577487581_7876897176908005769_n.jpg',NULL,'2024-03-11 22:55:59','2024-03-11 22:55:59'),(71,25,16,NULL,NULL,'70226-353431086_299049079129226_7720657057554605770_n.jpg',NULL,'2024-03-11 22:55:59','2024-03-11 22:55:59'),(76,27,18,NULL,NULL,'77506-1.webp',NULL,'2024-03-12 10:28:31','2024-03-12 10:28:31'),(77,27,18,NULL,NULL,'18344-3.webp',NULL,'2024-03-12 10:28:31','2024-03-12 10:28:31'),(78,27,18,NULL,NULL,'97630-12.webp',NULL,'2024-03-12 10:28:31','2024-03-12 10:28:31'),(79,27,18,NULL,NULL,'73872-13.webp',NULL,'2024-03-12 10:28:31','2024-03-12 10:28:31'),(80,27,18,NULL,NULL,'31527-Vila_Ina_4-1.webp',NULL,'2024-03-12 10:28:31','2024-03-12 10:28:31'),(81,28,NULL,NULL,7,'16399-1.jpg',NULL,'2024-03-13 19:02:40','2024-03-13 19:02:40'),(82,28,NULL,NULL,7,'1042-01.jpg',NULL,'2024-03-13 19:02:40','2024-03-13 19:02:40'),(83,28,NULL,NULL,7,'20768-03.jpg',NULL,'2024-03-13 19:02:40','2024-03-13 19:02:40'),(84,28,NULL,NULL,7,'80418-04.jpg',NULL,'2024-03-13 19:02:40','2024-03-13 19:02:40'),(85,28,NULL,NULL,7,'58696-05.jpg',NULL,'2024-03-13 19:02:40','2024-03-13 19:02:40'),(86,28,NULL,NULL,7,'42508-08.jpg',NULL,'2024-03-13 19:02:40','2024-03-13 19:02:40'),(87,28,NULL,NULL,7,'11906-10.jpg',NULL,'2024-03-13 19:02:40','2024-03-13 19:02:40'),(88,28,NULL,NULL,7,'67341-14.jpg',NULL,'2024-03-13 19:02:40','2024-03-13 19:02:40'),(89,28,NULL,NULL,7,'49740-16.jpg',NULL,'2024-03-13 19:02:40','2024-03-13 19:02:40'),(90,28,NULL,NULL,7,'62237-17.jpg',NULL,'2024-03-13 19:02:40','2024-03-13 19:02:40'),(91,28,NULL,NULL,7,'3758-21.jpg',NULL,'2024-03-13 19:02:40','2024-03-13 19:02:40'),(92,28,NULL,NULL,7,'22576-22.jpg',NULL,'2024-03-13 19:02:40','2024-03-13 19:02:40'),(93,28,NULL,NULL,7,'54269-DSC_0014.jpg',NULL,'2024-03-13 19:02:40','2024-03-13 19:02:40'),(94,28,NULL,NULL,7,'93959-DSC_0106.jpg',NULL,'2024-03-13 19:02:40','2024-03-13 19:02:40'),(95,28,NULL,NULL,7,'16283-DSC_0120.jpg',NULL,'2024-03-13 19:02:40','2024-03-13 19:02:40'),(96,28,NULL,NULL,7,'14123-DSC_0123.jpg',NULL,'2024-03-13 19:02:40','2024-03-13 19:02:40'),(97,29,NULL,NULL,9,'81673-21743834_1518205974906929_2624436888976317825_o.jpg',NULL,'2024-03-14 08:52:27','2024-03-14 08:52:27'),(98,29,NULL,NULL,9,'17369-22051043_1529080663819460_49089085743485236_o.jpg',NULL,'2024-03-14 08:52:27','2024-03-14 08:52:27'),(99,29,NULL,NULL,9,'23182-59680386_2265835353477317_5193843542337781760_n.jpg',NULL,'2024-03-14 08:52:27','2024-03-14 08:52:27'),(100,29,NULL,NULL,9,'97849-61528553_2306583286069190_5325789009299898368_n.jpg',NULL,'2024-03-14 08:52:27','2024-03-14 08:52:27'),(101,29,NULL,NULL,9,'85981-71785359_2535233716537478_7304039289296257024_n.jpg',NULL,'2024-03-14 08:52:27','2024-03-14 08:52:27'),(102,29,NULL,NULL,9,'91633-94065405_2974190229308489_6317218867403816960_n.jpg',NULL,'2024-03-14 08:52:27','2024-03-14 08:52:27'),(103,29,NULL,NULL,9,'84637-130737244_3613799068680932_1619328315832285661_n.jpg',NULL,'2024-03-14 08:52:27','2024-03-14 08:52:27'),(104,29,NULL,NULL,9,'78291-273992540_4930892390304920_3211421997779672554_n.jpg',NULL,'2024-03-14 08:52:27','2024-03-14 08:52:27'),(105,29,NULL,NULL,9,'72888-302726062_498181192315176_5742725362040857944_n.jpg',NULL,'2024-03-14 08:52:27','2024-03-14 08:52:27'),(106,29,NULL,NULL,9,'31358-310996753_529107772555851_2613465559133549785_n.jpg',NULL,'2024-03-14 08:52:27','2024-03-14 08:52:27'),(107,29,NULL,NULL,9,'64523-332254103_762085695130214_1734491923239792980_n.jpg',NULL,'2024-03-14 08:52:27','2024-03-14 08:52:27'),(108,30,NULL,3,NULL,NULL,'https://www.youtube.com/embed/fmZUcAMmUW0','2024-03-20 22:05:40','2024-03-20 22:05:40'),(109,31,NULL,3,NULL,NULL,'https://www.youtube.com/embed/PZNXPKmOlVc','2024-03-20 22:09:26','2024-03-20 22:09:26'),(110,32,NULL,3,NULL,NULL,'https://www.youtube.com/embed/NXM0Evcl0xM','2024-03-20 22:11:06','2024-03-20 22:11:06'),(115,35,NULL,4,NULL,'4737-DSC_3294 (1).jpg',NULL,'2024-03-28 20:54:51','2024-03-28 20:54:51'),(116,35,NULL,4,NULL,'29069-IMG_0716.jpg',NULL,'2024-03-28 20:54:51','2024-03-28 20:54:51'),(117,35,NULL,4,NULL,'10051-IMG_1565 (1).JPG',NULL,'2024-03-28 20:54:51','2024-03-28 20:54:51'),(118,35,NULL,4,NULL,'59745-STZ_0336 (1).jpg',NULL,'2024-03-28 20:54:51','2024-03-28 20:54:51'),(119,36,NULL,5,NULL,NULL,'https://www.youtube.com/embed/cXqnX7AWANE','2024-03-28 22:00:11','2024-03-28 22:00:11'),(144,39,2,NULL,NULL,'81517-image00001.webp',NULL,'2024-04-02 20:54:53','2024-04-02 20:54:53'),(145,39,2,NULL,NULL,'68116-image00002.webp',NULL,'2024-04-02 20:54:53','2024-04-02 20:54:53'),(146,39,2,NULL,NULL,'61075-image00003.webp',NULL,'2024-04-02 20:54:53','2024-04-02 20:54:53'),(147,39,2,NULL,NULL,'79479-image00004.webp',NULL,'2024-04-02 20:54:53','2024-04-02 20:54:53'),(148,39,2,NULL,NULL,'81178-image00005.webp',NULL,'2024-04-02 20:54:53','2024-04-02 20:54:53'),(149,39,2,NULL,NULL,'12715-image00006.webp',NULL,'2024-04-02 20:54:53','2024-04-02 20:54:53'),(150,39,2,NULL,NULL,'50591-image00007.webp',NULL,'2024-04-02 20:54:53','2024-04-02 20:54:53'),(151,39,2,NULL,NULL,'99151-image00008.webp',NULL,'2024-04-02 20:54:53','2024-04-02 20:54:53'),(152,39,2,NULL,NULL,'3225-image00009.webp',NULL,'2024-04-02 20:54:53','2024-04-02 20:54:53'),(153,39,2,NULL,NULL,'67123-image00010.webp',NULL,'2024-04-02 20:54:53','2024-04-02 20:54:53'),(154,39,2,NULL,NULL,'36459-image00011.webp',NULL,'2024-04-02 20:54:53','2024-04-02 20:54:53'),(155,39,2,NULL,NULL,'44706-image00012.webp',NULL,'2024-04-02 20:54:53','2024-04-02 20:54:53'),(156,39,2,NULL,NULL,'4372-image00013.webp',NULL,'2024-04-02 20:54:53','2024-04-02 20:54:53'),(157,39,2,NULL,NULL,'46417-image00014.webp',NULL,'2024-04-02 20:54:53','2024-04-02 20:54:53'),(158,39,2,NULL,NULL,'51074-image00015.webp',NULL,'2024-04-02 20:54:53','2024-04-02 20:54:53'),(159,39,2,NULL,NULL,'11637-image00016.webp',NULL,'2024-04-02 20:54:53','2024-04-02 20:54:53'),(160,39,2,NULL,NULL,'63500-image00017.webp',NULL,'2024-04-02 20:54:53','2024-04-02 20:54:53'),(161,39,2,NULL,NULL,'55061-image00018.webp',NULL,'2024-04-02 20:54:53','2024-04-02 20:54:53'),(162,39,2,NULL,NULL,'21459-image00019.webp',NULL,'2024-04-02 20:54:53','2024-04-02 20:54:53'),(163,40,19,NULL,NULL,'49778-image7.png',NULL,'2024-04-04 19:34:26','2024-04-04 19:34:26'),(164,40,19,NULL,NULL,'14619-image6.jpeg',NULL,'2024-04-04 19:34:26','2024-04-04 19:34:26'),(165,40,19,NULL,NULL,'77702-image5.jpeg',NULL,'2024-04-04 19:34:26','2024-04-04 19:34:26'),(166,40,19,NULL,NULL,'10908-image4.jpeg',NULL,'2024-04-04 19:34:26','2024-04-04 19:34:26'),(167,40,19,NULL,NULL,'77159-image3.jpeg',NULL,'2024-04-04 19:34:26','2024-04-04 19:34:26'),(168,40,19,NULL,NULL,'39560-image2.jpeg',NULL,'2024-04-04 19:34:26','2024-04-04 19:34:26'),(169,40,19,NULL,NULL,'4941-image1.jpeg',NULL,'2024-04-04 19:34:26','2024-04-04 19:34:26'),(170,40,19,NULL,NULL,'42388-image0.jpeg',NULL,'2024-04-04 19:34:26','2024-04-04 19:34:26'),(178,42,22,NULL,NULL,'9121-05_cam 5.jpg',NULL,'2024-04-04 20:11:03','2024-04-04 20:11:03'),(179,42,22,NULL,NULL,'14281-cam 2.jpg',NULL,'2024-04-04 20:11:03','2024-04-04 20:11:03'),(180,42,22,NULL,NULL,'96926-cam 3 blue_2.jpg',NULL,'2024-04-04 20:11:03','2024-04-04 20:11:03'),(181,42,22,NULL,NULL,'40474-cam 3.jpg',NULL,'2024-04-04 20:11:03','2024-04-04 20:11:03'),(182,42,22,NULL,NULL,'57429-cam 7.jpg',NULL,'2024-04-04 20:11:03','2024-04-04 20:11:03'),(183,44,23,NULL,NULL,'51460-image13.jpeg',NULL,'2024-04-04 20:54:30','2024-04-04 20:54:30'),(184,44,23,NULL,NULL,'74828-image3.webp',NULL,'2024-04-04 20:54:30','2024-04-04 20:54:30'),(185,44,23,NULL,NULL,'51330-image5.webp',NULL,'2024-04-04 20:54:30','2024-04-04 20:54:30'),(186,44,23,NULL,NULL,'60596-image7.webp',NULL,'2024-04-04 20:54:30','2024-04-04 20:54:30'),(187,44,23,NULL,NULL,'38484-image2.webp',NULL,'2024-04-04 20:54:30','2024-04-04 20:54:30'),(188,44,23,NULL,NULL,'22071-image9.webp',NULL,'2024-04-04 20:54:30','2024-04-04 20:54:30'),(189,44,23,NULL,NULL,'75945-image0.jpeg',NULL,'2024-04-04 20:54:30','2024-04-04 20:54:30'),(190,44,23,NULL,NULL,'96486-image6.jpeg',NULL,'2024-04-04 20:54:30','2024-04-04 20:54:30'),(191,44,23,NULL,NULL,'81643-image1.jpeg',NULL,'2024-04-04 20:54:30','2024-04-04 20:54:30'),(192,44,23,NULL,NULL,'33147-image10.jpeg',NULL,'2024-04-04 20:54:30','2024-04-04 20:54:30'),(193,44,23,NULL,NULL,'57202-image12.jpeg',NULL,'2024-04-04 20:54:30','2024-04-04 20:54:30'),(194,44,23,NULL,NULL,'41734-image11.jpeg',NULL,'2024-04-04 20:54:30','2024-04-04 20:54:30'),(195,44,23,NULL,NULL,'12356-image8.jpeg',NULL,'2024-04-04 20:54:30','2024-04-04 20:54:30'),(196,44,23,NULL,NULL,'99842-image4.png',NULL,'2024-04-04 20:54:30','2024-04-04 20:54:30'),(197,45,24,NULL,NULL,'7301-image8.webp',NULL,'2024-04-04 21:24:10','2024-04-04 21:24:10'),(198,45,24,NULL,NULL,'29408-image7.webp',NULL,'2024-04-04 21:24:10','2024-04-04 21:24:10'),(199,45,24,NULL,NULL,'24005-image6.webp',NULL,'2024-04-04 21:24:10','2024-04-04 21:24:10'),(200,45,24,NULL,NULL,'24566-image4.webp',NULL,'2024-04-04 21:24:10','2024-04-04 21:24:10'),(201,45,24,NULL,NULL,'98241-image2.webp',NULL,'2024-04-04 21:24:10','2024-04-04 21:24:10'),(202,45,24,NULL,NULL,'11584-image1.webp',NULL,'2024-04-04 21:24:10','2024-04-04 21:24:10'),(203,45,24,NULL,NULL,'35234-image5.webp',NULL,'2024-04-04 21:24:10','2024-04-04 21:24:10'),(204,45,24,NULL,NULL,'44486-image9.webp',NULL,'2024-04-04 21:24:10','2024-04-04 21:24:10'),(219,56,NULL,8,NULL,NULL,'https://www.youtube.com/embed/_oTjed4laUg','2024-04-18 19:17:41','2024-04-18 19:17:41'),(220,57,NULL,8,NULL,NULL,'https://www.youtube.com/embed/wWJMXr998S4','2024-04-18 19:20:28','2024-04-18 19:20:28'),(221,58,NULL,8,NULL,NULL,'https://www.youtube.com/embed/HCHUpH4Myic','2024-04-18 19:21:50','2024-04-18 19:21:50'),(222,59,NULL,8,NULL,NULL,'https://www.youtube.com/embed/NgrnhP2GbOw','2024-04-18 19:44:36','2024-04-18 19:44:36'),(223,60,NULL,8,NULL,NULL,'https://www.youtube.com/embed/lEP-_ugXL_E','2024-04-18 19:46:32','2024-04-18 19:46:32'),(224,61,NULL,10,NULL,NULL,'https://www.youtube.com/embed/vSNuXgZMttk','2024-04-18 21:02:12','2024-04-18 21:02:12'),(225,62,NULL,10,NULL,NULL,'https://www.youtube.com/embed/dHAQEidVaV8','2024-04-18 21:06:09','2024-04-18 21:06:09'),(231,68,NULL,12,NULL,NULL,'https://www.youtube.com/embed/Pt0cW6MXXfE','2024-04-22 14:55:17','2024-04-22 14:55:17'),(232,69,NULL,12,NULL,NULL,'https://www.youtube.com/embed/innuMR4cjLM','2024-04-22 14:55:55','2024-04-22 14:55:55'),(233,70,NULL,12,NULL,NULL,'https://www.youtube.com/embed/Kbl9jC5BrcI','2024-04-22 14:56:22','2024-04-22 14:56:22'),(234,71,NULL,12,NULL,NULL,'https://www.youtube.com/embed/CQq2qMJuALI','2024-04-22 14:57:21','2024-04-22 14:57:21'),(238,75,NULL,2,NULL,NULL,'https://www.youtube.com/embed/b6DIAc7w3HM','2024-04-24 20:37:20','2024-04-24 20:37:20'),(239,76,NULL,2,NULL,NULL,'https://www.youtube.com/embed/u94ZVTmft6E','2024-04-24 20:39:56','2024-04-24 20:39:56'),(240,77,NULL,2,NULL,NULL,'https://www.youtube.com/embed/f1csCfzLFZc','2024-04-24 20:40:25','2024-04-24 20:40:25'),(242,79,NULL,2,NULL,NULL,'https://www.youtube.com/embed/psiEEVQdZ0s','2024-04-24 20:42:25','2024-04-24 20:42:25'),(243,80,NULL,2,NULL,NULL,'https://www.youtube.com/embed/UO4Sj6OyZGM','2024-04-24 20:43:27','2024-04-24 20:43:27'),(244,81,NULL,2,NULL,NULL,'https://www.youtube.com/embed/kOt-M2VQ560','2024-04-24 20:45:07','2024-04-24 20:45:07'),(245,82,NULL,13,NULL,NULL,'https://www.youtube.com/embed/Yno9HtUb30w','2024-05-17 20:21:30','2024-05-17 20:21:30');
/*!40000 ALTER TABLE `pictures` ENABLE KEYS */;
UNLOCK TABLES;

--
-- Table structure for table `profile`
--

DROP TABLE IF EXISTS `profile`;
/*!40101 SET @saved_cs_client     = @@character_set_client */;
/*!40101 SET character_set_client = utf8 */;
CREATE TABLE `profile` (
  `id` bigint(20) unsigned NOT NULL AUTO_INCREMENT,
  `name` varchar(255) NOT NULL,
  `slug` varchar(255) NOT NULL,
  `coverImg` varchar(255) NOT NULL,
  `logo` varchar(255) NOT NULL,
  `phone` varchar(255) NOT NULL,
  `email` varchar(255) NOT NULL,
  `description` longtext NOT NULL,
  `user_id` bigint(20) unsigned NOT NULL,
  `subtitle` varchar(255) DEFAULT NULL,
  `facebook` varchar(255) DEFAULT NULL,
  `instagram` varchar(255) DEFAULT NULL,
  `twitter` varchar(255) DEFAULT NULL,
  `youtube` varchar(255) DEFAULT NULL,
  `weblink` varchar(255) DEFAULT NULL,
  `lat` double(20,10) DEFAULT NULL,
  `lng` double(20,10) DEFAULT NULL,
  `created_at` timestamp NULL DEFAULT NULL,
  `updated_at` timestamp NULL DEFAULT NULL,
  PRIMARY KEY (`id`),
  KEY `profile_user_id_foreign` (`user_id`),
  CONSTRAINT `profile_user_id_foreign` FOREIGN KEY (`user_id`) REFERENCES `users` (`id`) ON DELETE CASCADE
) ENGINE=InnoDB AUTO_INCREMENT=6 DEFAULT CHARSET=utf8mb4 COLLATE=utf8mb4_unicode_ci;
/*!40101 SET character_set_client = @saved_cs_client */;

--
-- Dumping data for table `profile`
--

LOCK TABLES `profile` WRITE;
/*!40000 ALTER TABLE `profile` DISABLE KEYS */;
INSERT INTO `profile` VALUES (2,'The beauty Agency by Najdosky','the-beauty-agency-by-najdosky','42955-FaceApp_1654289155789.jpg','97573-logo-marija.jpg','075 303 011','marijanajdoska93@gmail.com','<p>Master Educator🥇Marija Najdoska🥇offers you:<br />\r\n♡MakeUp<br />\r\n♡Hair<br />\r\n♡LashLift<br />\r\n♡Brow Lamination<br />\r\n♡Nails<br />\r\n♡Madero</p>',45,'Master & Educator','https://www.facebook.com/thebeautyagencybynajdosky','https://www.instagram.com/m.najjj_do_sky/','n/a','n/a','n/a',41.9865342524,21.4544365411,'2024-04-09 19:10:28','2024-04-09 19:43:43'),(3,'Hairhouse','hairhouse','34142-IMG_7659.jpeg','74201-HairHouse Logo Final (1)-2.png','071 579 101','hair_house_@hotmail.com','<p>Hair house&nbsp;претставува еден од најреномираните фризерски салони. Одличен спој на професионалност, искуство и задоволни клиенти. Посебен акцент се става на желбите и идеите на идните невести за нивниот посебен ден. Секогаш спремни да ги изреализираат нивните барања. Резултатот е одново ист, насмеани, задоволни и секогаш добредојдени клиенти.</p>',50,'Beauty, cosmetic & personal care','https://www.facebook.com/p/HairHouse-100050418046048/','https://www.facebook.com/p/HairHouse-100050418046048/','n/a','n/a','n/a',41.9979274000,21.3982678000,'2024-04-16 18:48:35','2024-04-16 18:48:35'),(4,'Божиновски часовници','bozinovski-casovnici','33990-Каверот.jpg','92854-Bozinovski png-1000x1000.jpg','070363265','contact@bozinovski.com.mk','<p>Компанијата Божиновски часовници и накит, пионер во стилот и иновацијата во Македонија уште од 1996 година, започна со работа во Битола и набрзо ја прошири својата продажна мрежа и во Скопје. Покрај четирите сопствени продажни салони, Божиновски ги нуди своите производи и низ мрежата на агенти и франшизи низ Македонија.</p>\r\n\r\n<p>Компанијата веќе 29 години создава вредности, доверба и квалитет, кои секојдневно преку вложување и грижа кон своите вработени ги пренесува на сите свои купувачи.</p>\r\n\r\n<p>Брендот Божиновски, како официјален претставник, е препознатлив по врвните, исклучителни модели на: Omega, Breitling, Damiani, Longines, Hamilton, Montblanc, Tissot, TAG Heuer, Ti Sento, Swatch, Troika, и Flik Flak. Кај нас, за сите ваши посебни моменти, можете да најдете и уникатни колекции на златни прстени.</p>',64,'Официјален претставник на: Omega, Breitling, Damiani, Longines, Hamilton, Montblanc, Tissot, TAG Heuer, Ti Sento,Swatch, Troika, и Flik Flak.','https://www.instagram.com/bozinovski_official/','https://www.instagram.com/bozinovski_official/','n/a','n/a','https://bozinovski.com.mk/',42.0031209271,21.4733393670,'2024-05-13 18:39:02','2024-05-13 18:39:02'),(5,'Божиновски накит','bozinovski-nakit','85788-coverDAMIANI.png','62517-Bozinovski png-1000x1000.jpg','070363265','contact@bozinovski.com.mk','<p>Компанијата Божиновски часовници и накит, пионер во стилот и иновацијата во Македонија уште од 1996 година, започна со работа во Битола и набрзо ја прошири својата продажна мрежа и во Скопје. Покрај четирите сопствени продажни салони, Божиновски ги нуди своите производи и низ мрежата на агенти и франшизи низ Македонија.</p>\r\n\r\n<p>Компанијата веќе 29 години создава вредности, доверба и квалитет, кои секојдневно преку вложување и грижа кон своите вработени ги пренесува на сите свои купувачи.</p>\r\n\r\n<p>Брендот Божиновски, како официјален претставник, е препознатлив по врвните, исклучителни модели на: Omega, Breitling, Damiani, Longines, Hamilton, Montblanc, Tissot, TAG Heuer, Ti Sento, Swatch, Troika, и Flik Flak. Кај нас, за сите ваши посебни моменти, можете да најдете и уникатни колекции на златни прстени.</p>',64,'Damiani & Ti sento','https://www.facebook.com/Bozinovskiwatchesandjewelry','https://www.instagram.com/bozinovski_official/','n/a','n/a','https://bozinovski.com.mk/',41.9879199000,21.4345220000,'2024-05-13 18:53:03','2024-05-13 18:53:03');
/*!40000 ALTER TABLE `profile` ENABLE KEYS */;
UNLOCK TABLES;

--
-- Table structure for table `restaurants`
--

DROP TABLE IF EXISTS `restaurants`;
/*!40101 SET @saved_cs_client     = @@character_set_client */;
/*!40101 SET character_set_client = utf8 */;
CREATE TABLE `restaurants` (
  `id` bigint(20) unsigned NOT NULL AUTO_INCREMENT,
  `name` varchar(255) NOT NULL,
  `slug` varchar(255) NOT NULL,
  `coverImg` varchar(255) NOT NULL,
  `logo` varchar(255) NOT NULL,
  `phone` varchar(255) NOT NULL,
  `description` longtext NOT NULL,
  `created_at` timestamp NULL DEFAULT NULL,
  `updated_at` timestamp NULL DEFAULT NULL,
  `address` varchar(255) NOT NULL,
  `city_id` bigint(20) unsigned NOT NULL,
  `capacity` int(11) NOT NULL,
  `menuDiscount` int(11) DEFAULT NULL,
  `menuMin` int(11) DEFAULT NULL,
  `menuMax` int(11) DEFAULT NULL,
  `user_id` bigint(20) unsigned DEFAULT NULL,
  `subtitle` varchar(255) DEFAULT NULL,
  `facebook` varchar(255) DEFAULT NULL,
  `instagram` varchar(255) DEFAULT NULL,
  `twitter` varchar(255) DEFAULT NULL,
  `youtube` varchar(255) DEFAULT NULL,
  `weblink` varchar(255) DEFAULT NULL,
  `lat` double(20,10) DEFAULT NULL,
  `lng` double(20,10) DEFAULT NULL,
  `order` int(11) NOT NULL DEFAULT 0,
  `position` int(11) DEFAULT NULL,
  PRIMARY KEY (`id`),
  KEY `restaurants_city_id_foreign` (`city_id`),
  KEY `restaurants_user_id_foreign` (`user_id`),
  CONSTRAINT `restaurants_city_id_foreign` FOREIGN KEY (`city_id`) REFERENCES `cities` (`id`) ON DELETE CASCADE,
  CONSTRAINT `restaurants_user_id_foreign` FOREIGN KEY (`user_id`) REFERENCES `users` (`id`) ON DELETE CASCADE
) ENGINE=InnoDB AUTO_INCREMENT=29 DEFAULT CHARSET=utf8mb4 COLLATE=utf8mb4_unicode_ci;
/*!40101 SET character_set_client = @saved_cs_client */;

--
-- Dumping data for table `restaurants`
--

LOCK TABLES `restaurants` WRITE;
/*!40000 ALTER TABLE `restaurants` DISABLE KEYS */;
INSERT INTO `restaurants` VALUES (2,'Аликас','alikas','61698-25136-image00051.jpg','67310-Screenshot 2024-01-31 at 12.40.13.png','+389 78 33 24 33','<p>Аликас е ресторан кој се наоѓа на 5 километри од центарот на градот во пријатна и тивка околина. Се протега на голема зелена површина, каде ресторанскиот дел изнесува 600 м2&nbsp;и е со капацитет од 250 до 400 гости. На зеленилото е превидено да се прават свадби и прослави под отворено небо, а исто така е организирано одржување на матично на отворено. Ресторанот обезбедува паркинг-места&nbsp;за 100 возила, кој ќе биде под постојан видео-надзор, како и игротека за најмалите гости. Салата за свечености е предвидена за летни и зимски свадби, што значи дека во лето се отвора од сите три страни и има подно ладење, а во зима се затвора од сите три страни со стаклена фасада и има подно греење.</p>','2024-01-31 11:40:35','2024-04-04 19:39:17','Vizbegovo / Skopje, Macedonia',1,400,27,27,30,10,'Каде Бајката Започнува','http://www.facebook.com/allikasmk','http://instagram.com/allikas_skopje','http://www.twitter.com/allikascenter','н/а','https://alikas.mk/',42.0351322000,21.4050789000,0,6),(3,'Лав','lav','25542-zurka23.jpg','14952-lav.png','+389 78 33 24 33','<p>&nbsp;Во потрага сте по модерно место во градот каде што атмосферата ќе ги разгали вашите сетила, а гастрономската храна и пијалоци ќе ве импресионираат? Тогаш мора да го посетите ресторан &bdquo;Лав&ldquo; во склоп на ресторанот &bdquo;Аликас&ldquo;. Тука креираме неповторливи јадења што се поврзани со сезонски вкусови и свежи состојки. Од класични вкусови до модерни иновации, секое јадење е приготвено со љубов и внимание. Нашата широка понуда на вина и коктели дополнително ќе ја направат секоја посета незаборавна.</p>','2024-02-03 18:39:37','2024-03-14 16:20:31','ул.Качанички пат 148, Визбегово',1,200,27,27,27,10,'Love',NULL,NULL,NULL,NULL,NULL,42.0350184000,21.4052557000,0,7),(12,'Парк','park','65566-park.webp','37014-park-web2-bela-final.png','+389 72 226 123','<h2>ПАРК</h2>\r\n\r\n<p>Уште од самото отварање, ресторан Парк стана синоним за една поинаква и романтична свадбена приказна во Скопје. Лоциран во срцето на градот, ресторан Парк е опкружен со зеленилото на Градскиот Парк и зрачи во пријатна атмосфера. Целиот концепт е внимателно осмислен и претставува сплет на стилски ентериер и декорација. Наш основен предизвик е секоја свадба да биде успешно реализирана а младенците и гостите да се задоволни и импресионирани од нашата врвна услуга.</p>\r\n\r\n<h3>КАПАЦИТЕТ</h3>\r\n\r\n<ul>\r\n	<li><strong>За седење:</strong>&nbsp;350 гости</li>\r\n	<li></li>\r\n	<li><strong>Паркинг места:</strong>&nbsp;100 гости</li>\r\n</ul>\r\n\r\n<h3>КАРАКТЕРИСТИКИ</h3>\r\n\r\n<ul>\r\n	<li>\r\n	<p>Приватна соба</p>\r\n	</li>\r\n	<li>\r\n	<p>Свадбена декорација</p>\r\n	</li>\r\n	<li>\r\n	<p>Бесплатни паркинг места</p>\r\n	</li>\r\n	<li>\r\n	<p>Професионално осветлување</p>\r\n	</li>\r\n	<li>\r\n	<p>Организирање матично во Градскиот Парк на Скопје</p>\r\n	</li>\r\n</ul>','2024-02-08 20:21:22','2024-02-08 20:24:54','УЛИЦА КЕЈ 13 НОЕМВРИ 4А',1,350,24,24,40,13,'Weddings | Event Center','https://www.facebook.com/Ragusa360','https://www.instagram.com/ragusa360/','n/a','n/a','https://www.park.mk/',42.0035944000,21.4279797000,0,3),(13,'Ragusa 360','ragusa-360','70991-IMG_8889.jpg','80103-logo.png','+389 75 398 919','<h2>RAGUSA ROOFTOP</h2>\r\n\r\n<p>Доколку вашата свадба ја замислувавте во модерен амбиент, на префинето место кое зрачи со својата софистицираност, тогаш вие сте на вистинското место.<br />\r\nАтрактивната локација, ентериерот и вкусната храна надополнети со беспрекорната услуга со сигурност ќе Ве импресионира вас и вашите гости.<br />\r\nПовелете и создадете си комплетно уживање во вашиот најсвечен ден од животот.</p>\r\n\r\n<h3>КАПАЦИТЕТ</h3>\r\n\r\n<ul>\r\n	<li><strong>За седење:</strong>&nbsp;400 гости&nbsp; &bull;&nbsp;<strong>Коктел:</strong>&nbsp;750 гости&nbsp;&bull;&nbsp;<strong>Театар:</strong>&nbsp;200 гости</li>\r\n</ul>\r\n\r\n<h3>КАРАКТЕРИСТИКИ</h3>\r\n\r\n<ul>\r\n	<li>\r\n	<p>4 лифтови</p>\r\n	</li>\r\n	<li>\r\n	<p>3,6m висина</p>\r\n	</li>\r\n	<li>\r\n	<p>Бина (20cm издигната од подот)</p>\r\n	</li>\r\n	<li>\r\n	<p>Приватна соба (гардеробер, релакс софа, сеф, тоалет)</p>\r\n	</li>\r\n	<li>\r\n	<p>1.200m<sup>2</sup>&nbsp;комплетен простор (700m<sup>2</sup>&nbsp;корисен простор)</p>\r\n	</li>\r\n</ul>\r\n\r\n<ul>\r\n	<li>\r\n	<p>Супер брз интернет</p>\r\n	</li>\r\n	<li>\r\n	<p>Неограничен паркинг</p>\r\n	</li>\r\n	<li>\r\n	<p>Комплетна декорација</p>\r\n	</li>\r\n	<li>\r\n	<p>Професионално озвучување</p>\r\n	</li>\r\n	<li>\r\n	<p>Професионално осветлување (Intelligent Lighting)</p>\r\n	</li>\r\n</ul>\r\n\r\n<p></p>','2024-02-08 20:22:54','2024-02-15 10:10:00','Ул. Св. Кирил и Методиј бр.1/1',1,400,23,23,40,13,'Rooftop | Weddings & Events','https://www.facebook.com/Ragusa360','https://www.instagram.com/ragusa360/','n/a','n/a','n/a',41.9895782000,21.4321250000,0,4),(14,'Ragusa 919','ragusa-919','26297-64c11a2167e40782293220.webp','51798-logo919.png','+389 75 423 456','<h2>RAGUSA 919</h2>\r\n\r\n<p>Доколку ја замислувате Вашата свадба во современ, луксузен и романтичен амбиент, далеку од градскиот метеж, на само 4 км од центарот на градот, Рагуза 919 е вистинското место за Вас. Нашиот искусен тим се грижи за задоволството на секој гостин и креираме спомени што се паметат цел живот.</p>\r\n\r\n<h3>КАПАЦИТЕТ</h3>\r\n\r\n<ul>\r\n	<li><strong>За седење:</strong>&nbsp;360 гости</li>\r\n</ul>\r\n\r\n<h3>КАРАКТЕРИСТИКИ</h3>\r\n\r\n<ul>\r\n	<li>\r\n	<p>5m висина</p>\r\n	</li>\r\n	<li>\r\n	<p>Професионално озвучување</p>\r\n	</li>\r\n	<li>\r\n	<p>Сопствен паркинг за 150 автомобили</p>\r\n	</li>\r\n	<li>\r\n	<p>Лоциран на само 4 км од центарот на градот</p>\r\n	</li>\r\n	<li>\r\n	<p>Професионално осветлување (Intelligent Lighting)</p>\r\n	</li>\r\n	<li>\r\n	<p>1.200m2 комплетен простор (919m2 корисен простор)</p>\r\n	</li>\r\n</ul>\r\n\r\n<ul>\r\n	<li>\r\n	<p>Приватна соба</p>\r\n	</li>\r\n	<li>\r\n	<p>Супер брз интернет</p>\r\n	</li>\r\n	<li>\r\n	<p>Комплетна декорација</p>\r\n	</li>\r\n	<li>\r\n	<p>Бина (20 цм издигната од подот)</p>\r\n	</li>\r\n	<li>\r\n	<p>Тоалети [м/ж] за лица со посебни потреби</p>\r\n	</li>\r\n	<li>\r\n	<p>Непречен пристап за лица со посебни потреби</p>\r\n	</li>\r\n	<li>\r\n	<p>Посебен простор за мајки со елемент за повивање на доенчиња и мали деца</p>\r\n	</li>\r\n</ul>','2024-02-08 20:29:01','2024-03-14 11:20:29','УЛ. ГАВРИЛ КОНСТАНТИНОВИЌ БР. 76',1,360,26,26,40,13,'Weddings | Event Center','https://www.facebook.com/Ragusa919/','https://www.instagram.com/ragusa_919/','n/a','n/a','https://ragusa919.com/',41.9783018000,21.4820883000,0,5),(15,'Villa Kasijana','villa-kasijana','48897-IMG_8891.JPG','2457-418150994_904246701393047_1177203710983921173_n.jpg','070414474','<p>Вила Касијана е најдобар избор за организирање на Вашите свечености од приватен или деловен тип:</p>\r\n\r\n<ul>\r\n	<li>свадби</li>\r\n	<li>крштевки</li>\r\n	<li>родендени</li>\r\n	<li>семинари</li>\r\n	<li>работилници</li>\r\n	<li>конференции</li>\r\n	<li>фестивали</li>\r\n</ul>\r\n\r\n<p>Располагаме со 5.000 &nbsp;м2, &nbsp;капацитет до 450 лица, 1.000 м2 гардина и 230 обележани паркинг места.</p>\r\n\r\n<p></p>','2024-02-15 21:19:12','2024-03-14 11:17:40','Boris Trajkovski (Prvomajska) 266',1,450,23,23,28,22,'Wedding and event centar','https://www.facebook.com/profile.php?id=100054231770470&sk=about','https://www.instagram.com/villakasijana/','n/a','n/a','http://villakasijana.mk',41.9594158000,21.4823461000,0,1),(16,'Александар Палас','aleksandar-palas','41745-51965290.jpg','41573-download.jpg','+389 2 3092 392','<p>Хотелот Александар Палас&nbsp;е најдобриот хотел во Скопје. Лоциран на десната страна на реката Вардар&nbsp;и на само три километри од Центарот на градот. Во близина на Хотелот се сите поважни&nbsp;културни&nbsp;локалитети и административни&nbsp;згради</p>','2024-03-11 21:22:03','2024-03-14 16:20:31','Бул. 8-ми Септември 15',1,300,30,30,100,29,'Најдобриот хотел во Скопје','https://www.facebook.com/hotelaleksandarpalace','https://www.instagram.com/hotelaleksandarpalace/',NULL,NULL,'https://www.aleksandarpalace.com.mk',42.0107872000,21.4055954000,0,8),(18,'Villa Ina','villa-ina','89507-6.webp','46001-villa-ina.png','+38975314285','<h3>Идеално место за вашите свадби и прослави</h3>\r\n\r\n<p>Доколку секогаш сте ја замислувале вашата венчавка или прослава на отворено, Вила Ина е она што го барате!</p>\r\n\r\n<p>Сместена на падините на Водно, во близина на селото г. Нерези, Вила Ина е идеално место за сите што сакаат својата приватна или деловна прослава да ја организираат на отворен простор и во природен амбиент. Таа е совршен спој на приватна интимна градина и модерно опремен простор кој ги нуди сите услови за современо организирање на настани, според замислата и желбата на клиентите. Далеку од градската врева и метеж, опкружена со прекрасни природни убавини, Вила Ина нуди прекрасен спој на природата и сите удобства коишто се потребни за да биде вашиот настан доживување што ќе се памети</p>','2024-03-12 10:17:40','2024-03-14 11:19:53','Улица Водно (Горно Нерези), 1000 Скопје, Македонија',1,400,32,32,80,30,'Weddings & Events','https://www.facebook.com/vilainaskopje','https://www.instagram.com/villa_ina_skopje/',NULL,NULL,NULL,41.9812095000,21.3793409000,0,2),(19,'Ресторан Ритуал','restoran-ritual','23487-image5.jpeg','32913-Samo ritual.png','077 568 022','<p>Веќе 18 години заедно креираме спомени.&nbsp;</p>\r\n\r\n<p>Постоиме за организирација на Вашите најубави моменти од животот и подготвени сме веднаш да организираме настан кој е беспрекорен!</p>\r\n\r\n<p>Се наоѓаме надвор од градскиот метеж на само 9км од центарот на градот.</p>\r\n\r\n<p>Организираме секаков тип на приватни и деловни прослави&nbsp;</p>\r\n\r\n<ul>\r\n	<li>свадби, матично, веридби, крштевки, мекици, родендени,матури, коктел забави, кетеринг настани како и&nbsp;</li>\r\n	<li>семинари, конференции, работилници, фестивали, свечености&hellip;</li>\r\n</ul>\r\n\r\n<p>Комплексот Ритуал располага со 4 свечени сали од кои&nbsp;</p>\r\n\r\n<p>Ресторан Ритуал е со капацитет од 250 гости и е одличен избор за современи, традиционални и класични свечености, погоден е за зимски и летни услови, целосно е климатизиран со амбиент од светски размери и одвоен дел за прием на гости.&nbsp;</p>\r\n\r\n<p>Храната од нашата кујна е секогаш превкусна и свежо подготвена со посебно внимание за која можеме да кажеме дека нема да ве остави рамнодушни.</p>\r\n\r\n<p>Повелете заедно да прославиме за Вашите нови почетоци во пријатна атмосфера со врвна професионална услуга и совршена организација!</p>\r\n\r\n<p>Место каде убавите нешта ќе станат ваши ритуали!</p>','2024-04-04 19:31:21','2024-04-04 19:31:21','С. Трубарево',1,350,1,22,59,43,'n/a','n/a','n/a','n/a','n/a','n/a',41.9815305000,21.5249121000,0,7),(22,'Везилка','vezilka','22355-8.jpg','58845-logo_vezilka_200.jpg','075225670','<p>&nbsp;По 10-годишно постоење во 2024 година ресторан Везилка добива комплетно нов и уникатен изглед. Новата луксузна и грандиозна Везилка е спој на модерното и урбаното. Новиот импресивен дизајн овозможува организирање на корпоративни настани, свадбени прослави, мекици, крштевки, матури... Со капацитет од 200 до 420 гости и паркинг простор за 150 возила, со 24 часовен надзор, ресторан Везилка овозможува беспрекорна услуга и врвен квалитет.&nbsp; Никогаш не ги забораваме и најмалите гости за кои што имаме обезбедено детско игралиште. Посебно внимание е посветено на дизајнирање на простор за одржување на матичното во нашата отворена градина. Професионалното осветлување и уникатната декорација кои што ги обезбедува ресторанот се дел од понудата, заедно со апартман за младоженци и шампањско за наздравување.</p>','2024-04-04 20:08:56','2024-06-19 19:03:09','Boris Trajkovski 174',1,420,34,34,35,44,'Weddings | Event Center','https://www.facebook.com/vezilka/','https://www.instagram.com/restoranvezilka/','n/a','n/a','https://www.facebook.com/vezilka/',41.9674088000,21.4697941000,0,7),(23,'Летна градина Ритуал','letna-gradina-ritual','76166-image2.webp','29694-274496053_4774305115972253_3619235981610278488_n.jpg','075 475 705','<p></p>\r\n\r\n<p>Летна градина ритуал<br />\r\n<br />\r\nПо долгогодишно искуство во областа на угостителството и доменот на креирање на Вашите најважни моменти заедно чест ни е да Ви понудиме неодолива комбинација на отворен и затворен дел односно можност за прослава под отворено небо и забава покрај базен, одлична организација, насмеани лица, посветена професионална услуга додека пак добрата храна нема да изостане. Она што го прави овој ресторан уникатен и единствен е огромниот убаво уреден двор од 20.000 м2 во кој има базен и преубава градина и тревници. Има капацитет од 320 гости а доколку временските услови го дозволуваат тоа дури и до 450 гости.</p>\r\n\r\n<p><br />\r\nИгротеката е во склоп со овој ресторан има капацитет од 70 гости и располага со огромен надворешен простор со безброј шарени играчки и катче за сите возрасти. Организираме секаков тип на приватни и деловни прослави односно свадби, матично, веридби, крштевки, мекици, родендени,матури, коктел забави, кетеринг настани, семинари, конференции, работилници, фестивали, свечености.<br />\r\nРасполагаме со шест апартмани, 300 бесплатни паркинг места, професионално бесплатно осветлување, озвучување и декорација.</p>','2024-04-04 20:49:20','2024-04-04 20:49:20','Мирче Ацев 22 Трубарево',1,320,1,25,59,43,'Weddings & Events','https://www.facebook.com/RestoranRitual/','https://www.instagram.com/letnagradinaritual/','n/a','n/a','n/a',41.9815305000,21.5249121000,0,7),(24,'Ритуал Премиум','ritual-premium','46908-image9.webp','55640-ritual-logoo.jpeg','075-475-705','<p>Ритуал&nbsp;Премиум</p>\r\n\r\n<p>Изграден со големо внимание и една цел што поголем број на задоволни гости!</p>\r\n\r\n<p>Почуствувајте ја магијата на свадбените ритуали опкружени со луксуз, префинетост и елеганција.</p>\r\n\r\n<p>Ви нудиме модерен ентериер, уникатен простор, пријатен амбиент, професионална услуга и врвна храна.</p>\r\n\r\n<p>Организираме секаков тип на приватни и деловни прослави&nbsp;</p>\r\n\r\n<ul>\r\n	<li>свадби, матично, веридби, крштевки, мекици, родендени,матури, коктел забави, кетеринг настани како и&nbsp;</li>\r\n	<li>семинари, конференции, работилници, фестивали, свечености&hellip;</li>\r\n</ul>\r\n\r\n<p>Ресторанот има капацитет од 430 гости седење и 1000 гости коктел.</p>\r\n\r\n<p>Има целосно подно греење и ладење.</p>\r\n\r\n<p>Можеме да ви понудиме шест различни апартмани, посебен простор за мајки со елемент за повивање, 300 бесплатни паркинг места, интернет, професионално&nbsp;&nbsp;бесплатно осветлување, озвучување и декорација.</p>','2024-04-04 21:20:14','2024-04-22 17:30:17','Мирче Ацев 22 Трубарево',1,320,1,25,59,43,'Weddings & Events','n/a','n/a','n/a','n/a','n/a',41.9815305000,21.5249121000,0,7),(25,'Дениција','denicija','50518-DEN_2883.jpg','37052-Denicija-Logo-Vector.png','078225750','<p><strong>Дениција</strong>&nbsp;е&nbsp;ресторан за свадби, настани и прослави во Скопје. Инспирацијата за овој ресторан доаѓа од македонската &ldquo;Химна на љубовта&rdquo; - безвремената Дениција. Таа ја симболизира ѕвездата Деница, најсјајната на небото, симбол на светлината, плодноста и убавината.</p>\r\n\r\n<p>Дениција е помалата сестра на&nbsp;<a href=\"https://dragigosti.com/restaurants/vezilka\" target=\"_blank\">Везилка</a>, дизајнирана и водена од истиот тим кој успешно ја позиционираше Везилка меѓу најдобрите ресторани за свадби во Македонија. Тоа беше еден од главните предизвици при планирањето на Дениција, да се задржи препознатливиот квалитет, но и да се понуди нешто ново. Формата и функцијата на просторот ја прават Дениција уникатна.. Простор кој во лето е комплетно отворен и климатизиран, зиме затворен со најсовремена технологија на греење, а оваа трансформација е можна за само неколку минути.&nbsp;</p>\r\n\r\n<p></p>\r\n\r\n<p>Ресторан Дениција нуди:</p>\r\n\r\n<p></p>\r\n\r\n<p>&middot;&nbsp;&nbsp;&nbsp;&nbsp;&nbsp;&nbsp;&nbsp;&nbsp;&nbsp;Капацитет од 150 до 350 гости</p>\r\n\r\n<p>&middot;&nbsp;&nbsp;&nbsp;&nbsp;&nbsp;&nbsp;&nbsp;&nbsp;&nbsp;Паркинг за 100 возила</p>\r\n\r\n<p>&middot;&nbsp;&nbsp;&nbsp;&nbsp;&nbsp;&nbsp;&nbsp;&nbsp;&nbsp;Комплетна декорација&nbsp;</p>\r\n\r\n<p>&middot;&nbsp;&nbsp;&nbsp;&nbsp;&nbsp;&nbsp;&nbsp;&nbsp;&nbsp;Осветлување во боја</p>\r\n\r\n<p>&middot;&nbsp;&nbsp;&nbsp;&nbsp;&nbsp;&nbsp;&nbsp;&nbsp;&nbsp;Апартман за младите</p>\r\n\r\n<p>&middot;&nbsp;&nbsp;&nbsp;&nbsp;&nbsp;&nbsp;&nbsp;&nbsp;&nbsp;Кетеринг сервис</p>\r\n\r\n<p>&middot;&nbsp;&nbsp;&nbsp;&nbsp;&nbsp;&nbsp;&nbsp;&nbsp;&nbsp;Врвна услуга</p>\r\n\r\n<p></p>','2024-04-22 11:35:35','2024-04-22 12:07:43','Бул. Борис Трајковски 174а, Кисела Вода, Скопје',1,350,44,20,50,44,'Weddings | Event Center','https://www.facebook.com/denicija.mk/','https://www.instagram.com/denicija.mk','н/а','н/а','http://denicija.mk/',41.9673181000,21.4696349000,0,7),(26,'Ederra | Rooftop','ederra-rooftop','41916-rsz_slikata_na_postuvanjeto.jpg','7907-280347422_111942368180089_6821387277270175659_n.jpg','+389 78 835 636','<h1 dir=\"auto\"><span style=\"font-size:16px\">Нова љубовна приказна во градот!<br />\r\nПрекрасен поглед на градот, луксузен амбиент, беспрекорна услуга...совршен избор за сите ваши прослави! 🥂</span></h1>','2024-04-22 15:34:18','2024-04-22 16:06:26','Булевар 8-ми Септември 40, 1000 Скопје',1,300,1,25,50,57,'Wedding & Events','https://www.facebook.com/ederrarooftop','https://www.instagram.com/ederra_rooftop/?hl=en','n/a','n/a','n/a',42.0139784000,21.4083808000,0,7),(27,'DoubleTree by Hilton Skopje','doubletree-by-hilton-skopje','43567-420552768_752430176910965_3258947918623718749_n.jpg','57224-Logo.jpg','075 333 968','<p>Прославете го денот на вашите соништа во DoubleTree by Hilton во Скопје.</p>\r\n\r\n<p>Изразете ја вашата индивидуалност, тоа е ваш ден и само вие знаете што ќе биде потребно за да</p>\r\n\r\n<p>го направите совршен.</p>\r\n\r\n<p>Нашиот талентиран тим за свадби ќе ја трансформира Diamond Ballroom салата во совршено<br />\r\nпрекрасен амбиент. Со задоволство ќе ви помогнат да ја искажете вашата љубов. Ваша идеја,</p>\r\n\r\n<p>наша реализација.</p>\r\n\r\n<p>Организирајте ги Вашите семејни прослави и уверете се во беспрекорната услуга која ја нуди<br />\r\nнашиот тим. Дозволете DoubleTree by Hilton Skopje да го направи секој собир посебен на свој</p>\r\n\r\n<p>единствен начин.</p>\r\n\r\n<p>Свадбениот пакет вклучува:</p>\r\n\r\n<p>&bull; Маси, столици, покривки на столиците, чаршафи за масите, специјален прибор за<br />\r\nјадење, маса за подароци, маса за торта<br />\r\n&bull; Посветен координатор за вашата свадба<br />\r\n&bull; Сечење на торта и сервирање<br />\r\n&bull; 1 шише Просеко за наздравување<br />\r\n&bull; Сместување за невестата и младоженецот за нивната брачна ноќ со вклучен појадок<br />\r\n&bull; Посебен попуст за вашите гости на свадбата<br />\r\n&bull; Бесплатна проба на менито за свадба (по потпишување на договорот)<br />\r\n&bull; 20 бесплатни места за паркирање</p>','2024-05-23 19:41:52','2024-05-23 19:41:52','Булевар АСНОМ 17, Скопје',1,300,1,65,85,68,'Celebrate your special day in the unforgettable venue','https://www.facebook.com/hiltonskopje/','n/a','https://x.com/doubletree','n/a','https://www.hilton.com/en/brands/doubletree-by-hilton/',41.9903280000,21.4732432000,0,7),(28,'Roof bar 55 Double Tree by Hilton','roof-bar-55-double-tree-by-hilton','11940-420552768_752430176910965_3258947918623718749_n.jpg','76927-Logo Bar55.jpg','075/333-968','<p>Прославете го денот на вашите соништа во DoubleTree by Hilton во Скопје.&nbsp;</p>\r\n\r\n<p>Изразете ја вашата индивидуалност, тоа е ваш ден и само вие знаете што ќе биде потребно за до го направите совршен.</p>\r\n\r\n<p>Нашиот талентиран тим за свадби ќе ја трансформира Diamond Ballroom салата во совршено<br />\r\nпрекрасен амбиент. Со задоволство ќе ви помогнат да ја искажете вашата љубов. Ваша идејанаша реализација.</p>\r\n\r\n<p>Организирајте ги Вашите семејни прослави и уверете се во беспрекорната услуга која ја нуди<br />\r\nнашиот тим. Дозволете DoubleTree by Hilton Skopje да го направи секој собир посебен на свој единствен начин.</p>','2024-05-23 20:42:55','2024-05-23 20:42:55','Булевар АСНОМ 17, Скопје',1,60,1,65,85,68,'Celebrate your special day in the unforgettable venue Roof Bar No. 55','n/a','https://www.instagram.com/roofbarno.55/','https://x.com/doubletree','n/a','https://www.hilton.com/en/brands/doubletree-by-hilton/',41.9903280000,21.4732432000,0,7);
/*!40000 ALTER TABLE `restaurants` ENABLE KEYS */;
UNLOCK TABLES;

--
-- Table structure for table `roles`
--

DROP TABLE IF EXISTS `roles`;
/*!40101 SET @saved_cs_client     = @@character_set_client */;
/*!40101 SET character_set_client = utf8 */;
CREATE TABLE `roles` (
  `id` bigint(20) unsigned NOT NULL AUTO_INCREMENT,
  `name` varchar(255) NOT NULL,
  `created_at` timestamp NULL DEFAULT NULL,
  `updated_at` timestamp NULL DEFAULT NULL,
  PRIMARY KEY (`id`)
) ENGINE=InnoDB AUTO_INCREMENT=3 DEFAULT CHARSET=utf8mb4 COLLATE=utf8mb4_unicode_ci;
/*!40101 SET character_set_client = @saved_cs_client */;

--
-- Dumping data for table `roles`
--

LOCK TABLES `roles` WRITE;
/*!40000 ALTER TABLE `roles` DISABLE KEYS */;
INSERT INTO `roles` VALUES (1,'Administrator','2023-12-20 14:14:30','2023-12-20 14:14:30'),(2,'Moderator','2023-12-20 14:14:30','2023-12-20 14:14:30');
/*!40000 ALTER TABLE `roles` ENABLE KEYS */;
UNLOCK TABLES;

--
-- Table structure for table `users`
--

DROP TABLE IF EXISTS `users`;
/*!40101 SET @saved_cs_client     = @@character_set_client */;
/*!40101 SET character_set_client = utf8 */;
CREATE TABLE `users` (
  `id` bigint(20) unsigned NOT NULL AUTO_INCREMENT,
  `name` varchar(255) NOT NULL,
  `email` varchar(255) NOT NULL,
  `email_verified_at` timestamp NULL DEFAULT NULL,
  `password` varchar(255) NOT NULL,
  `remember_token` varchar(100) DEFAULT NULL,
  `created_at` timestamp NULL DEFAULT NULL,
  `updated_at` timestamp NULL DEFAULT NULL,
  `category` varchar(255) NOT NULL,
  `facebook_id` varchar(255) DEFAULT NULL,
  `role_id` bigint(20) unsigned DEFAULT NULL,
  PRIMARY KEY (`id`),
  UNIQUE KEY `users_email_unique` (`email`),
  KEY `users_role_id_foreign` (`role_id`),
  CONSTRAINT `users_role_id_foreign` FOREIGN KEY (`role_id`) REFERENCES `roles` (`id`)
) ENGINE=InnoDB AUTO_INCREMENT=87 DEFAULT CHARSET=utf8mb4 COLLATE=utf8mb4_unicode_ci;
/*!40101 SET character_set_client = @saved_cs_client */;

--
-- Dumping data for table `users`
--

LOCK TABLES `users` WRITE;
/*!40000 ALTER TABLE `users` DISABLE KEYS */;
INSERT INTO `users` VALUES (1,'Martin Karadzinov','martin@pingdevs.com',NULL,'$2y$10$8d5NvIxrbJmDQ7BXsGg0E.KvW7BZ3j0TfwAamrM2H9pp2Ybzk2yl6','P00l3RPEDEmSZZZpWbeiOKXRCPtyrDePPdIv0eeIfCz586vtjwaOLsvKJysq','2023-12-15 19:33:43','2024-01-30 22:36:38','restaurant','709707217965706',1),(2,'Boban','boban0609@gmail.com',NULL,'$2y$10$9JyIUkG4gkbZvwkoG7U9xeF7szlSoVV87.HiduyYYQv6I0H8SnKNe','RICIHcCMavxQeWQpOjie2mbJepuNFw9zVVuBj6AhBc5id8laf5fEqtXv1qlt','2023-12-17 22:40:12','2024-07-24 16:20:57','restaurant',NULL,1),(6,'Marjan Stojanovski','stojanovskim@yahoo.com',NULL,'$2y$10$5yCj4f8Zm27woVHIvCoHc.zTTf7YzTRJjhbX86g/l9d4P/f7hf7we',NULL,'2024-01-28 19:00:55','2024-01-28 19:00:55','restaurant',NULL,NULL),(7,'Martin Karadzinov','martin@myhost.mk',NULL,'$2y$10$Sy1XxsbckutSQs89ZLmKJ.uedK1Hr5UXYkKAP/D9bl3M.Ipfo6JdO',NULL,'2024-01-28 21:49:23','2024-01-28 21:49:23','invitations',NULL,NULL),(8,'Martin Karadzinov','tiggaz@gmail.com',NULL,'$2y$10$u.Yj8fRkvmeksVMCh7z9vu7ld.Sp4Ghmi7BPNR15GzHCE7SFd1FFS',NULL,'2024-01-29 21:32:28','2024-01-29 21:32:28','invitations',NULL,NULL),(10,'Анастасија','anastasija@alikas.mk',NULL,'$2y$10$8d5NvIxrbJmDQ7BXsGg0E.KvW7BZ3j0TfwAamrM2H9pp2Ybzk2yl6',NULL,'2024-01-31 11:29:29','2024-01-31 11:29:29','restaurant',NULL,NULL),(12,'Aleksandar','aleksandar@dragigosti.com',NULL,'$2y$10$UvpgRGA3PRR9uIjIKcamiO2zbjUToWbSJDaGaha6.2ixxHGotvkP6',NULL,'2024-02-07 12:24:34','2024-02-07 12:24:34','photo',NULL,NULL),(13,'Ragusa Group','contact@ragusagroup.mk',NULL,'$2y$10$bphTVoaSOkifkE9lGNsxmeMSlzlSLyB/BkdNMcjCUx5zZLM/vcrS6',NULL,'2024-02-08 19:27:37','2024-02-08 19:27:37','restaurant',NULL,NULL),(15,'Martin Karadzinov','contact@dragigosti.com',NULL,'$2y$10$GN1HqHj9/gglxFOQwhrA6eEgvPyDJiEmlfIrCq1674JIQpKxSFGGm',NULL,'2024-02-10 20:41:40','2024-02-10 20:41:40','restaurant',NULL,NULL),(17,'Filip','Baba3DStudio@gmail.com',NULL,'$2y$10$nqwn6DADNxm0.SPBECzNnuzkL3R7Ji3XqY5UeBoGPhnFas3u1JK2K',NULL,'2024-02-13 20:13:49','2024-02-13 20:13:49','invitations',NULL,NULL),(18,'Filip','Baba3DStudio@yahoo.com',NULL,'$2y$10$S.f//95J59GK6baDdyOY8Onw6qQJOJmEkPdprtRMPyRgGjT0F3YuW',NULL,'2024-02-13 20:16:08','2024-02-13 20:16:08','invitations',NULL,NULL),(19,'Filip','Baba@gmail.com',NULL,'$2y$10$8d5NvIxrbJmDQ7BXsGg0E.KvW7BZ3j0TfwAamrM2H9pp2Ybzk2yl6',NULL,'2024-02-13 20:19:12','2024-02-13 20:19:12','photo',NULL,NULL),(20,'Касијана','kasijana@gmail.com',NULL,'$2y$10$rK2sVfoZjaE.7iYfq/Yv2eLx.T1TYcUu34YYB1Yqs/s9zUkCag6Ci',NULL,'2024-02-15 11:09:50','2024-02-15 11:09:50','restaurant',NULL,NULL),(21,'Kasijana','kasijnana@yahoo.com',NULL,'$2y$10$pxmUk9VNwrDlsHozNe52KuKKiVVosWzLAvGUB9ye6uAmJMgI7Yv4O',NULL,'2024-02-15 11:13:51','2024-02-15 11:13:51','restaurant',NULL,NULL),(22,'Kasijana','kasijana@dragigosti.com',NULL,'$2y$10$4b2jVgVzzcWL3OKom3iSP.cDn9uSa4rH0xu5yzwdMDE4J7cOuclv2',NULL,'2024-02-15 12:15:39','2024-02-15 12:15:39','restaurant',NULL,NULL),(23,'Viktor','despotovskiviktor1@gmail.com',NULL,'$2y$10$KQfN/vmgIQzVLq3z6rY6FO0GFgh3P14oSFEV8iMm8xXCYAfeme7yu',NULL,'2024-02-24 16:38:04','2024-02-24 16:38:04','invitations',NULL,NULL),(24,'Virtuoz Band','virtuoz@dragigosti.com',NULL,'$2y$10$R.pa56RJPXub6zl90bPCAe5Myl5w6eyX11oBLwmjiv/beFTU56.OG',NULL,'2024-02-26 22:01:22','2024-02-26 22:01:22','music',NULL,NULL),(25,'Maestro','maestro@dragigosti.com',NULL,'$2y$10$QDW8.sSLzBmXm47NZpYlJ.TezDBcDI266QJe98gTitSSk/vIF.UWu',NULL,'2024-02-26 23:40:59','2024-02-26 23:40:59','music',NULL,NULL),(27,'Goce','jovancevski.g@gmail.com',NULL,'$2y$10$6JOd4erEX1kEdFzNz69LFuFU2p1Cr.7m.iCvaJtvqO0bE1tt0yHIe',NULL,'2024-02-28 23:09:38','2024-02-28 23:09:38','invitations',NULL,NULL),(29,'Александар Палас','apalace@dragigosti.com',NULL,'$2y$10$kbodO/hY7VfGWJR6pSoaAOP8Lxx3zMwnDxC17MTeT0/DkHx2MxIbC',NULL,'2024-03-11 21:02:18','2024-03-11 21:02:18','restaurant',NULL,NULL),(30,'Villa Ina','villa.ina@dragigosti.com',NULL,'$2y$10$dPXPskdHGSp2.fumsQ3gCuJhdlh2jGzoO2bp4tYRjGM3xraBMrkze',NULL,'2024-03-12 10:08:39','2024-03-12 10:08:39','restaurant',NULL,NULL),(32,'Panajoti','showtimepanajoti@gmail.com',NULL,'$2y$10$e8Lox5jTwizW/9n/uJGsLuteUDxinF8Je5TnOZXGioELdEsWIySnG','yZqeVPaHuVUb1NIKzEi4SDSqsZ996cYjbMm43MEuzrPOlxOIciNaA74gMVyS','2024-03-13 15:29:47','2024-03-13 15:29:47','photo',NULL,NULL),(33,'Ideal bend','idealbend@gmail.com',NULL,'$2y$10$.l66.tZuTQvUNdX/cHw5IeakrWHJYTvzCMaNhAAlfKG/Wpcmgji8S',NULL,'2024-03-13 21:48:32','2024-03-13 21:48:32','music',NULL,NULL),(35,'Angelkovski Photography','angelkovski@dragigosti.com',NULL,'$2y$10$6UxN17Bf3KJZI6IprwRQrepdIvqnwwqVfdFPmWCcvk2qk4t9Y9VXG',NULL,'2024-03-14 08:46:32','2024-03-14 08:46:32','photo',NULL,NULL),(36,'Филип','filipchernozemski@gmail.com',NULL,'$2y$10$K9FLwOv/r5DNCn5ftX0GAOaEkD.la6WTK2s4abnQfBVCHCuyoLOOG',NULL,'2024-03-14 15:50:58','2024-04-02 19:18:05','invitations',NULL,1),(37,'Марија','contact.thebeautyagency@gmail.com',NULL,'$2y$10$.G7gj8UOL10ZmlZkid9b.ulMT.6ZWxxEjkfk2784lCfnOEJSYyZGm',NULL,'2024-03-14 19:16:46','2024-03-14 19:16:46','other',NULL,NULL),(38,'IRIE SCRATCH','darko.andonov@gmail.com',NULL,'$2y$10$mXKRQl2otwojD9vljlX.0OhYVJUpzW44Dm0feeP13bCeVM39u3NO.',NULL,'2024-03-20 21:39:22','2024-03-20 21:39:22','music',NULL,NULL),(40,'DJ Nasty','djnasty426@gmail.com',NULL,'$2y$10$ViskivaDzPLwAOPRQrac/.kmHMKp8EFEi3pQyMGQrbEkbUF9ajIxy',NULL,'2024-03-28 19:59:07','2024-03-28 19:59:07','music',NULL,NULL),(41,'Ogipsilon','nikatronas@gmail.com',NULL,'$2y$10$9zpl3PqcnnpsS7MXXKGIUuG9fYcsrzixMl6KH2uhPiKnR8SoUpNrq',NULL,'2024-03-28 21:45:38','2024-03-28 21:45:38','music',NULL,NULL),(42,'Dj Shorty','djshortymk@gmail.com',NULL,'$2y$10$NZh9hYYCY5SNFuxLUXhcgORVbveTXiB70hxDSE9uRMqIQO5ryB/h.',NULL,'2024-04-01 18:56:38','2024-04-01 18:56:38','music',NULL,NULL),(43,'Ресторан Ритуал','duralpetkovski@yahoo.com',NULL,'$2y$10$KGASPpyTDfuPCLKAr5FWJORGD99Vhdo/t88a2PMVXMlyJUehQLwxW',NULL,'2024-04-04 18:30:48','2024-04-04 18:30:48','restaurant',NULL,NULL),(44,'Aleksandra Trajkovska','info@vezilka.com',NULL,'$2y$10$pPjisA4xjb7/DGXWc7iDKeaOtMSyDFIEDX8ehhz7fxakhtIOpVh6O',NULL,'2024-04-04 19:47:47','2024-04-04 19:47:47','restaurant',NULL,NULL),(45,'Marija Najdoska','marija.najdoska.mpg@gmail.com',NULL,'$2y$10$84/xWxsHXwPIJMRBiCLER.EKbu4XmpA365DW9wIABSFQxoyEwYRne',NULL,'2024-04-08 12:05:54','2024-04-08 12:05:54','profile',NULL,NULL),(47,'Ivana','ifamitrovska@gmail.com',NULL,'$2y$10$Zh9fh192qWYgujZagPvlrea40oxN32HzG1/B2lCb.0.2qL/jKRR7q','F6iGWO2pylWbOlTTkYQpTy4mWcqZVSy4wG2L98qJ19fMokSpRtBMiuMan7ix','2024-04-12 12:33:04','2024-04-12 12:33:04','invitations',NULL,NULL),(49,'Александар Јованов','aleksandar7jovanov@gmail.com',NULL,'$2y$10$6yPrUjZh7JxqX5ouuRrPvu/O6wpP9MRMccgCfM0HYZhsbFyY3L4QG',NULL,'2024-04-16 18:25:51','2024-04-16 18:25:51','invitations',NULL,NULL),(50,'Дарко  Петковски','darko_990_@hotmail.com',NULL,'$2y$10$zc4KAxD3pIlo11tcTLCY3.X7/hWGimxqKYH0OELLLvo.ba7GZMJ2W',NULL,'2024-04-16 18:28:55','2024-04-16 18:28:55','profile',NULL,NULL),(51,'Artist Bend','artist.band.2021@gmail.com',NULL,'$2y$10$8oMbfZ4YxGeJrrdW1CBHBe96f9LRFj.CvMyXRF4jQkvfwyHyymUDm',NULL,'2024-04-18 17:33:56','2024-04-18 17:33:56','music',NULL,NULL),(52,'Boca Conga','bojanbokaconga@gmail.com',NULL,'$2y$10$iKFvBMjNvM05Bz0eAxD9jurgWWbqi7OgZNWWaAqQZ59u420S74Dpq',NULL,'2024-04-18 19:24:58','2024-04-18 19:24:58','music',NULL,NULL),(53,'ConTruDJ','nikolic.dado@gmail.com',NULL,'$2y$10$WQP.DMOyotKsNfRTTBjc3ez0uD8uA70eeuXLj1ruCpJId9cp2gOGa',NULL,'2024-04-18 19:59:35','2024-04-18 19:59:35','music',NULL,NULL),(54,'Toni Zen','tonizen@dragigosti.com',NULL,'$2y$10$8sQCCly72DW.nIK6imv8qeLZxwYl6Iwkf4MRI5ZD0HDWQtxKgP1Dm',NULL,'2024-04-19 10:39:00','2024-04-19 10:39:00','music',NULL,NULL),(55,'Biljana','bil_oh@yahoo.com',NULL,'$2y$10$YINvxFa14FZ/qcKiEA5Or.YoLV3CrocbzNlC6RzNsetNTQTFnf4JW',NULL,'2024-04-21 17:43:25','2024-04-21 17:43:25','invitations',NULL,NULL),(56,'Kontraplan','darniko@gmail.com',NULL,'$2y$10$ceFeTr2tKrNGqHQl3aNjXe5KieSedymuJU1bcabBxtxAxExSjPxGO',NULL,'2024-04-22 14:47:37','2024-04-22 14:47:37','music',NULL,NULL),(57,'Ederra','davidraichki1308@gmail.com',NULL,'$2y$10$Htq8RymPmb8xj3jrTVUCGeJs5KPsMwLji0LsZ8iBPm5gKATmxSq02',NULL,'2024-04-22 15:18:04','2024-04-22 15:18:04','restaurant',NULL,NULL),(58,'MarryMe Wedding Photography & Videography','marrymewedd@gmail.com',NULL,'$2y$10$ArLU2ehxF5QA3pem5duOKeJT03u5SXCPgbsj5JKR7WwpltdI9Pe1S','6NKLwu9Fz7G8uqibhQVBrei7mNgdrOpRITnR8veCzDdQddlYKDt3aaXsnsgP','2024-05-01 18:58:28','2024-05-01 18:58:28','photo',NULL,NULL),(60,'lq','liquid.adrenalyn@gmail.com',NULL,'$2y$10$Knl7Dtmp.TyvtaV3nmj.c.p6o612VfZwEtDFRosZfTTkeUX1tSBR2',NULL,'2024-05-04 13:52:56','2024-05-04 13:52:56','invitations',NULL,NULL),(64,'Bozinovski','contact@bozinovski.com.mk',NULL,'$2y$10$qICdpETAYzSTsIeEujY7UeFsmaIg2tch1QcYC1az0KSh7YhjbCb6e',NULL,'2024-05-13 18:07:22','2024-05-13 18:07:22','profile',NULL,NULL),(66,'Viktor','viktorkochevski@gmail.com',NULL,'$2y$10$CPfeL8BnSXwUoO44yWVxFugBJCwB9asZm4TD69PkwzsFbNy.vk0tO',NULL,'2024-05-17 08:48:55','2024-05-17 08:48:55','invitations',NULL,NULL),(67,'Идеал Бенд','idealband@gmail.com',NULL,'$2y$10$qj5S2i6akwUHAWDBPzDFu.639VHTAcbDr8qQKHBo4h6BIZ0I6mW/O',NULL,'2024-05-17 20:07:55','2024-05-17 20:07:55','music',NULL,NULL),(68,'DoubleTreeByHilton','sales@hiltonskopje.com',NULL,'$2y$10$Ih/xHObrCdX5IlviXWh8/OYcqNjbiVyKWLYMHoVoknxssAc1flItK',NULL,'2024-05-23 09:16:59','2024-05-23 09:16:59','restaurant',NULL,NULL),(69,'DJ Aleksandar','Jordanovaleksandar@gmail.com',NULL,'$2y$10$Xvr2oTK0HV.3YFo9G0Fs1.WrE6.iBE0tZNPmXS4NyjS5srKfRzCwi',NULL,'2024-05-23 21:00:27','2024-05-23 21:00:27','music',NULL,NULL),(71,'NGfrRKOg','maria_spencer3178@yahoo.com',NULL,'$2y$10$2ykRktYv9G6bqcFT4TmIIOMjttP4fiGQ28HhVHco.8sSTuhZGr0C.',NULL,'2024-05-31 01:16:23','2024-05-31 01:16:23','profile',NULL,NULL),(72,'Dijana','dijanastojkovic158@gmail.com',NULL,'$2y$10$iLPrmGrn/YRE1ltwjpdtF.rpPMhNi5qsE9Q9l9qQtO/7rR4aY3SHW',NULL,'2024-06-05 19:50:36','2024-06-05 19:50:36','invitations',NULL,NULL),(73,'Ivana','i.georgievska@hotmail.com',NULL,'$2y$10$rrifDx0Py43BrxuWmF9Kxu31O/g/x4hrtoIWRLiYOfDuXtcrCoBHK',NULL,'2024-06-14 18:53:26','2024-06-14 18:53:26','invitations',NULL,NULL),(74,'Petar','tanja_kaeva@yahoo.com',NULL,'$2y$10$NKMDKeHGKD6qdPX.y.mGiO2zAYYN4vtclE5uvOX3BPFOPjMyxNRjy',NULL,'2024-06-14 20:25:06','2024-06-14 20:25:06','invitations',NULL,NULL),(75,'Bojana','bojana.mitkovska@hotmail.com',NULL,'$2y$10$ehfbYkoWAD9YLJVmGZphnOY7fOGfrJRbTdlMA.n51B7H9DVV5SZT6',NULL,'2024-06-15 06:21:15','2024-06-15 06:21:15','invitations',NULL,NULL),(76,'Елена','ekaranovska@gmail.com',NULL,'$2y$10$DSn/nsYy6PIj5SwQ8z5TAe1Oqyg0t3aOgxOdfdy/UU5mOOqiL5z6q',NULL,'2024-06-20 09:22:40','2024-06-20 09:22:40','profile',NULL,NULL),(77,'InbjumZwXEy','victoria13strongabk@outlook.com',NULL,'$2y$10$r3hH0VGk2QAkvl5TtBKzAuWBz/Ig6KApKkrpJHmuZ44Rqeu0ZtxZu',NULL,'2024-06-21 07:04:39','2024-06-21 07:04:39','profile',NULL,NULL),(78,'JISBgnFNKZA','reeseeiver@gmail.com',NULL,'$2y$10$nGA/ij77b.U1le7Vhy4brO9T8TDxe.cm6XnyNGCOpePskLZJxzGYu',NULL,'2024-06-28 12:40:10','2024-06-28 12:40:10','profile',NULL,NULL),(79,'LjZzFMATrflCDhN','karbryd5722@gmail.com',NULL,'$2y$10$83xTb7A1AGXAPRF2ZhJ6DOJKtXzcmDIjJ52NLYXoMQOm5z7jcetOS',NULL,'2024-07-03 11:05:21','2024-07-03 11:05:21','profile',NULL,NULL),(80,'eIEgJjhHXctoCDqG','nwilkinsonvn@gmail.com',NULL,'$2y$10$Es4/IcDGX8xvzq3bTAN7yO9LLN0Gfq2mzQukRkms98A6Bb49a8sfq',NULL,'2024-07-05 11:12:11','2024-07-05 11:12:11','profile',NULL,NULL),(81,'ebmQEDdv','lenardv1991@gmail.com',NULL,'$2y$10$KONTfWtXyaD4cMFmyMeSH.Ge5WhRxV.2WeUXc5sLW0XQwS7aCy616',NULL,'2024-07-19 21:47:31','2024-07-19 21:47:31','profile',NULL,NULL),(82,'KtQfrqExFCb','thomaslykiln1578@gmail.com',NULL,'$2y$10$BgEsu9NiYpOi48GdwJ5nluPHiTcSYVpq04ZfDdvvMM/L0750ElsLO',NULL,'2024-07-22 14:42:36','2024-07-22 14:42:36','profile',NULL,NULL),(83,'eDWNRzTHoiMJwE','hahnidetf679@gmail.com',NULL,'$2y$10$UP62rjTD5ox7MMG1u9Se.eGBq2SQI9OqyDduWDKyaR26dyH/7gMzm',NULL,'2024-07-25 05:19:36','2024-07-25 05:19:36','profile',NULL,NULL),(84,'GTmYeOBFzlA','ekgberktr44@gmail.com',NULL,'$2y$10$s.rscETWi07C9nElxBFXuemeOFJG8EuMvk.FCjHaPhIl8s7hWZ1lm',NULL,'2024-07-27 17:22:58','2024-07-27 17:22:58','profile',NULL,NULL),(85,'SBazejJlNTxh','monique_heil5irn@outlook.com',NULL,'$2y$10$2Drovj0N7TN7ufnn6MxedOzxgjCl6l/0g/5S/PdZZggPdUBt8jkN6',NULL,'2024-08-04 16:42:52','2024-08-04 16:42:52','profile',NULL,NULL),(86,'JcquFCYWlwd','wolfemary3781@yahoo.com',NULL,'$2y$10$HuErBbsfuO5xbcvzYIKxw.ESpgnqdDiqqBMy5lHv938ZNc6Ym2CDq',NULL,'2024-08-14 13:55:19','2024-08-14 13:55:19','profile',NULL,NULL);
/*!40000 ALTER TABLE `users` ENABLE KEYS */;
UNLOCK TABLES;
/*!40103 SET TIME_ZONE=@OLD_TIME_ZONE */;

/*!40101 SET SQL_MODE=@OLD_SQL_MODE */;
/*!40014 SET FOREIGN_KEY_CHECKS=@OLD_FOREIGN_KEY_CHECKS */;
/*!40014 SET UNIQUE_CHECKS=@OLD_UNIQUE_CHECKS */;
/*!40101 SET CHARACTER_SET_CLIENT=@OLD_CHARACTER_SET_CLIENT */;
/*!40101 SET CHARACTER_SET_RESULTS=@OLD_CHARACTER_SET_RESULTS */;
/*!40101 SET COLLATION_CONNECTION=@OLD_COLLATION_CONNECTION */;
/*!40111 SET SQL_NOTES=@OLD_SQL_NOTES */;

-- Dump completed on 2024-08-22 11:45:15
